2025-09-26 18:46:53,177 - INFO - Step 2048 - Actor Loss: -0.0004, Critic Loss: 0.0000, Entropy: -2.7050
2025-09-26 18:46:53,957 - INFO - Episode 0/1000 - Avg Reward: 0.00, Avg Length: 4000.0, Last Reward: 0.00
2025-09-26 18:46:53,959 - INFO - Checkpoint saved: /home/andres2020/Dev/RL-FL-Research/neatfa-tameem/argos/../logs/ppo_cpfa_20250926_184651/ppo_cpfa_episode_0.pt
2025-09-26 18:46:54,016 - INFO - Step 4096 - Actor Loss: -0.0019, Critic Loss: 0.0001, Entropy: -2.7052
2025-09-26 18:46:55,060 - INFO - Step 6144 - Actor Loss: -0.0001, Critic Loss: 0.0000, Entropy: -2.7048
2025-09-26 18:46:55,954 - INFO - Step 8192 - Actor Loss: -0.0006, Critic Loss: 0.0001, Entropy: -2.7049
2025-09-26 18:46:56,889 - INFO - Step 10240 - Actor Loss: -0.0002, Critic Loss: 0.0000, Entropy: -2.7049
2025-09-26 18:46:57,771 - INFO - Step 12288 - Actor Loss: -0.0011, Critic Loss: 0.0000, Entropy: -2.7051
2025-09-26 18:46:58,693 - INFO - Step 14336 - Actor Loss: -0.0002, Critic Loss: 0.0001, Entropy: -2.7051
2025-09-26 18:46:59,532 - INFO - Step 16384 - Actor Loss: -0.0008, Critic Loss: 0.0000, Entropy: -2.7051
2025-09-26 18:47:00,444 - INFO - Step 18432 - Actor Loss: -0.0004, Critic Loss: 0.0000, Entropy: -2.7054
2025-09-26 18:47:01,333 - INFO - Step 20480 - Actor Loss: -0.0008, Critic Loss: 0.0001, Entropy: -2.7048
2025-09-26 18:47:02,329 - INFO - Step 22528 - Actor Loss: -0.0003, Critic Loss: 0.0040, Entropy: -2.7048
2025-09-26 18:47:03,196 - INFO - Step 24576 - Actor Loss: -0.0005, Critic Loss: 0.0000, Entropy: -2.7046
2025-09-26 18:47:04,120 - INFO - Step 26624 - Actor Loss: -0.0007, Critic Loss: 0.0000, Entropy: -2.7048
2025-09-26 18:47:04,994 - INFO - Step 28672 - Actor Loss: -0.0002, Critic Loss: 0.0000, Entropy: -2.7038
2025-09-26 18:47:05,907 - INFO - Step 30720 - Actor Loss: -0.0004, Critic Loss: 0.0000, Entropy: -2.7035
2025-09-26 18:47:06,762 - INFO - Step 32768 - Actor Loss: -0.0009, Critic Loss: 0.0000, Entropy: -2.7031
2025-09-26 18:47:07,676 - INFO - Step 34816 - Actor Loss: -0.0007, Critic Loss: 0.0000, Entropy: -2.7039
2025-09-26 18:47:08,567 - INFO - Step 36864 - Actor Loss: -0.0017, Critic Loss: 0.0000, Entropy: -2.7018
2025-09-26 18:47:09,588 - INFO - Step 38912 - Actor Loss: -0.0025, Critic Loss: 0.0000, Entropy: -2.7025
2025-09-26 18:47:10,491 - INFO - Step 40960 - Actor Loss: -0.0031, Critic Loss: 0.0000, Entropy: -2.6979
2025-09-26 18:47:11,463 - INFO - Step 43008 - Actor Loss: -0.0011, Critic Loss: 0.0000, Entropy: -2.6982
2025-09-26 18:47:11,857 - INFO - Episode 10/1000 - Avg Reward: 0.09, Avg Length: 4000.0, Last Reward: 0.00
2025-09-26 18:47:12,327 - INFO - Step 45056 - Actor Loss: -0.0019, Critic Loss: 0.0000, Entropy: -2.6862
2025-09-26 18:47:13,227 - INFO - Step 47104 - Actor Loss: -0.0002, Critic Loss: 0.0000, Entropy: -2.6883
2025-09-26 18:47:14,156 - INFO - Step 49152 - Actor Loss: -0.0008, Critic Loss: 0.0000, Entropy: -2.6836
2025-09-26 18:47:15,137 - INFO - Step 51200 - Actor Loss: -0.0005, Critic Loss: 0.0000, Entropy: -2.6824
2025-09-26 18:47:16,026 - INFO - Step 53248 - Actor Loss: -0.0012, Critic Loss: 0.0000, Entropy: -2.6856
2025-09-26 18:47:17,050 - INFO - Step 55296 - Actor Loss: -0.0005, Critic Loss: 0.0000, Entropy: -2.6868
2025-09-26 18:47:17,930 - INFO - Step 57344 - Actor Loss: -0.0013, Critic Loss: 0.0000, Entropy: -2.6846
2025-09-26 18:47:18,839 - INFO - Step 59392 - Actor Loss: -0.0008, Critic Loss: 0.0000, Entropy: -2.6883
2025-09-26 18:47:19,718 - INFO - Step 61440 - Actor Loss: -0.0008, Critic Loss: 0.0000, Entropy: -2.6843
2025-09-26 18:47:20,629 - INFO - Step 63488 - Actor Loss: -0.0004, Critic Loss: 0.0000, Entropy: -2.6876
2025-09-26 18:47:21,506 - INFO - Step 65536 - Actor Loss: -0.0006, Critic Loss: 0.0000, Entropy: -2.6751
2025-09-26 18:47:22,414 - INFO - Step 67584 - Actor Loss: -0.0004, Critic Loss: 0.0000, Entropy: -2.6893
2025-09-26 18:47:23,309 - INFO - Step 69632 - Actor Loss: -0.0006, Critic Loss: 0.0000, Entropy: -2.6767
2025-09-26 18:47:24,271 - INFO - Step 71680 - Actor Loss: -0.0006, Critic Loss: 0.0000, Entropy: -2.6985
2025-09-26 18:47:25,164 - INFO - Step 73728 - Actor Loss: -0.0002, Critic Loss: 0.0000, Entropy: -2.6842
2025-09-26 18:47:26,073 - INFO - Step 75776 - Actor Loss: -0.0006, Critic Loss: 0.0000, Entropy: -2.6776
2025-09-26 18:47:26,965 - INFO - Step 77824 - Actor Loss: -0.0003, Critic Loss: 0.0000, Entropy: -2.6770
2025-09-26 18:47:27,876 - INFO - Step 79872 - Actor Loss: -0.0005, Critic Loss: 0.0000, Entropy: -2.6753
2025-09-26 18:47:28,773 - INFO - Step 81920 - Actor Loss: -0.0001, Critic Loss: 0.0000, Entropy: -2.6734
2025-09-26 18:47:29,680 - INFO - Step 83968 - Actor Loss: -0.0007, Critic Loss: 0.0000, Entropy: -2.6720
2025-09-26 18:47:29,694 - INFO - Episode 20/1000 - Avg Reward: 0.05, Avg Length: 4000.0, Last Reward: 0.00
2025-09-26 18:47:30,577 - INFO - Step 86016 - Actor Loss: -0.0005, Critic Loss: 0.0000, Entropy: -2.6696
2025-09-26 18:47:31,454 - INFO - Step 88064 - Actor Loss: -0.0085, Critic Loss: 0.0000, Entropy: -2.6392
2025-09-26 18:47:32,357 - INFO - Step 90112 - Actor Loss: -0.0013, Critic Loss: 0.0000, Entropy: -2.6807
2025-09-26 18:47:33,193 - INFO - Step 92160 - Actor Loss: -0.0046, Critic Loss: 0.0000, Entropy: -2.6565
2025-09-26 18:47:34,102 - INFO - Step 94208 - Actor Loss: -0.0007, Critic Loss: 0.0000, Entropy: -2.6812
2025-09-26 18:47:34,934 - INFO - Step 96256 - Actor Loss: -0.0014, Critic Loss: 0.0000, Entropy: -2.6674
2025-09-26 18:47:35,836 - INFO - Step 98304 - Actor Loss: -0.0005, Critic Loss: 0.0000, Entropy: -2.6850
2025-09-26 18:47:36,668 - INFO - Step 100352 - Actor Loss: -0.0028, Critic Loss: 0.0000, Entropy: -2.6740
2025-09-26 18:47:37,623 - INFO - Step 102400 - Actor Loss: -0.0002, Critic Loss: 0.0000, Entropy: -2.6917
2025-09-26 18:47:38,457 - INFO - Step 104448 - Actor Loss: -0.0007, Critic Loss: 0.0000, Entropy: -2.6814
2025-09-26 18:47:39,356 - INFO - Step 106496 - Actor Loss: -0.0012, Critic Loss: 0.0000, Entropy: -2.6965
2025-09-26 18:47:40,190 - INFO - Step 108544 - Actor Loss: -0.0004, Critic Loss: 0.0000, Entropy: -2.6880
2025-09-26 18:47:41,099 - INFO - Step 110592 - Actor Loss: -0.0003, Critic Loss: 0.0000, Entropy: -2.6900
2025-09-26 18:47:41,943 - INFO - Step 112640 - Actor Loss: -0.0008, Critic Loss: 0.0000, Entropy: -2.6896
2025-09-26 18:47:42,845 - INFO - Step 114688 - Actor Loss: -0.0002, Critic Loss: 0.0000, Entropy: -2.6927
2025-09-26 18:47:43,743 - INFO - Step 116736 - Actor Loss: -0.0005, Critic Loss: 0.0013, Entropy: -2.6883
2025-09-26 18:47:44,647 - INFO - Step 118784 - Actor Loss: -0.0006, Critic Loss: 0.0000, Entropy: -2.6909
2025-09-26 18:47:45,498 - INFO - Step 120832 - Actor Loss: -0.0005, Critic Loss: 0.0000, Entropy: -2.6943
2025-09-26 18:47:46,402 - INFO - Step 122880 - Actor Loss: -0.0004, Critic Loss: 0.0000, Entropy: -2.6987
2025-09-26 18:47:46,852 - INFO - Episode 30/1000 - Avg Reward: 0.06, Avg Length: 4000.0, Last Reward: 0.00
2025-09-26 18:47:47,277 - INFO - Step 124928 - Actor Loss: -0.0004, Critic Loss: 0.0000, Entropy: -2.6967
2025-09-26 18:47:48,197 - INFO - Step 126976 - Actor Loss: -0.0002, Critic Loss: 0.0000, Entropy: -2.6974
2025-09-26 18:47:49,061 - INFO - Step 129024 - Actor Loss: -0.0006, Critic Loss: 0.0000, Entropy: -2.6976
2025-09-26 18:47:50,021 - INFO - Step 131072 - Actor Loss: -0.0001, Critic Loss: 0.0000, Entropy: -2.7005
2025-09-26 18:47:50,884 - INFO - Step 133120 - Actor Loss: -0.0007, Critic Loss: 0.0000, Entropy: -2.7001
2025-09-26 18:47:51,806 - INFO - Step 135168 - Actor Loss: -0.0000, Critic Loss: 0.0000, Entropy: -2.7019
2025-09-26 18:47:52,675 - INFO - Step 137216 - Actor Loss: -0.0002, Critic Loss: 0.0000, Entropy: -2.7029
2025-09-26 18:47:53,583 - INFO - Step 139264 - Actor Loss: -0.0007, Critic Loss: 0.0000, Entropy: -2.7023
2025-09-26 18:47:54,458 - INFO - Step 141312 - Actor Loss: -0.0000, Critic Loss: 0.0000, Entropy: -2.7017
2025-09-26 18:47:55,361 - INFO - Step 143360 - Actor Loss: -0.0002, Critic Loss: 0.0000, Entropy: -2.6999
2025-09-26 18:47:56,233 - INFO - Step 145408 - Actor Loss: -0.0003, Critic Loss: 0.0058, Entropy: -2.6988
2025-09-26 18:47:57,137 - INFO - Step 147456 - Actor Loss: -0.0001, Critic Loss: 0.0169, Entropy: -2.6995
2025-09-26 18:47:58,067 - INFO - Step 149504 - Actor Loss: -0.0002, Critic Loss: 0.0001, Entropy: -2.7011
2025-09-26 18:47:58,965 - INFO - Step 151552 - Actor Loss: -0.0004, Critic Loss: 0.0000, Entropy: -2.7003
2025-09-26 18:47:59,847 - INFO - Step 153600 - Actor Loss: -0.0002, Critic Loss: 0.0000, Entropy: -2.7006
2025-09-26 18:48:00,756 - INFO - Step 155648 - Actor Loss: -0.0003, Critic Loss: 0.0000, Entropy: -2.6999
2025-09-26 18:48:01,640 - INFO - Step 157696 - Actor Loss: -0.0003, Critic Loss: 0.0000, Entropy: -2.7001
2025-09-26 18:48:02,538 - INFO - Step 159744 - Actor Loss: -0.0002, Critic Loss: 0.0000, Entropy: -2.7012
2025-09-26 18:48:03,431 - INFO - Step 161792 - Actor Loss: -0.0002, Critic Loss: 0.0000, Entropy: -2.6989
2025-09-26 18:48:04,334 - INFO - Step 163840 - Actor Loss: -0.0002, Critic Loss: 0.0000, Entropy: -2.7005
2025-09-26 18:48:04,453 - INFO - Episode 40/1000 - Avg Reward: 0.12, Avg Length: 4000.0, Last Reward: 0.00
2025-09-26 18:48:05,281 - INFO - Step 165888 - Actor Loss: -0.0002, Critic Loss: 0.0000, Entropy: -2.7033
2025-09-26 18:48:06,178 - INFO - Step 167936 - Actor Loss: -0.0002, Critic Loss: 0.0000, Entropy: -2.7028
2025-09-26 18:48:07,073 - INFO - Step 169984 - Actor Loss: -0.0005, Critic Loss: 0.0000, Entropy: -2.7034
2025-09-26 18:48:07,892 - INFO - Step 172032 - Actor Loss: -0.0064, Critic Loss: 0.0000, Entropy: -2.7024
2025-09-26 18:48:08,802 - INFO - Step 174080 - Actor Loss: 0.0004, Critic Loss: 0.0000, Entropy: -2.6989
2025-09-26 18:48:09,626 - INFO - Step 176128 - Actor Loss: -0.0030, Critic Loss: 0.0000, Entropy: -2.7001
2025-09-26 18:48:10,582 - INFO - Step 178176 - Actor Loss: -0.0004, Critic Loss: 0.0000, Entropy: -2.6986
2025-09-26 18:48:11,406 - INFO - Step 180224 - Actor Loss: -0.0059, Critic Loss: 0.0000, Entropy: -2.6984
2025-09-26 18:48:12,304 - INFO - Step 182272 - Actor Loss: -0.0015, Critic Loss: 0.0000, Entropy: -2.6936
2025-09-26 18:48:13,131 - INFO - Step 184320 - Actor Loss: -0.0043, Critic Loss: 0.0000, Entropy: -2.6888
2025-09-26 18:48:14,033 - INFO - Step 186368 - Actor Loss: 0.0005, Critic Loss: 0.0040, Entropy: -2.6813
2025-09-26 18:48:14,863 - INFO - Step 188416 - Actor Loss: -0.0003, Critic Loss: 0.0000, Entropy: -2.6853
2025-09-26 18:48:15,762 - INFO - Step 190464 - Actor Loss: -0.0002, Critic Loss: 0.0000, Entropy: -2.6826
2025-09-26 18:48:16,594 - INFO - Step 192512 - Actor Loss: -0.0014, Critic Loss: 0.0000, Entropy: -2.6841
2025-09-26 18:48:17,548 - INFO - Step 194560 - Actor Loss: -0.0008, Critic Loss: 0.0000, Entropy: -2.6800
2025-09-26 18:48:18,388 - INFO - Step 196608 - Actor Loss: -0.0007, Critic Loss: 0.0000, Entropy: -2.6808
2025-09-26 18:48:19,288 - INFO - Step 198656 - Actor Loss: -0.0003, Critic Loss: 0.0000, Entropy: -2.6802
2025-09-26 18:48:20,133 - INFO - Step 200704 - Actor Loss: -0.0005, Critic Loss: 0.0000, Entropy: -2.6841
2025-09-26 18:48:21,035 - INFO - Step 202752 - Actor Loss: -0.0003, Critic Loss: 0.0000, Entropy: -2.6831
2025-09-26 18:48:21,527 - INFO - Episode 50/1000 - Avg Reward: 0.16, Avg Length: 4000.0, Last Reward: 0.00
2025-09-26 18:48:21,529 - INFO - Checkpoint saved: /home/andres2020/Dev/RL-FL-Research/neatfa-tameem/argos/../logs/ppo_cpfa_20250926_184651/ppo_cpfa_episode_50.pt
2025-09-26 18:48:21,892 - INFO - Step 204800 - Actor Loss: -0.0015, Critic Loss: 0.0000, Entropy: -2.6891
2025-09-26 18:48:22,800 - INFO - Step 206848 - Actor Loss: -0.0006, Critic Loss: 0.0000, Entropy: -2.6867
2025-09-26 18:48:23,662 - INFO - Step 208896 - Actor Loss: -0.0011, Critic Loss: 0.0000, Entropy: -2.6914
2025-09-26 18:48:24,678 - INFO - Step 210944 - Actor Loss: -0.0006, Critic Loss: 0.0000, Entropy: -2.6927
2025-09-26 18:48:25,583 - INFO - Step 212992 - Actor Loss: -0.0014, Critic Loss: 0.0000, Entropy: -2.6997
2025-09-26 18:48:26,537 - INFO - Step 215040 - Actor Loss: -0.0009, Critic Loss: 0.0000, Entropy: -2.6959
2025-09-26 18:48:27,463 - INFO - Step 217088 - Actor Loss: -0.0019, Critic Loss: 0.0000, Entropy: -2.7015
2025-09-26 18:48:28,419 - INFO - Step 219136 - Actor Loss: -0.0006, Critic Loss: 0.0000, Entropy: -2.6976
2025-09-26 18:48:29,356 - INFO - Step 221184 - Actor Loss: -0.0006, Critic Loss: 0.0000, Entropy: -2.7022
2025-09-26 18:48:30,280 - INFO - Step 223232 - Actor Loss: -0.0004, Critic Loss: 0.0000, Entropy: -2.7014
2025-09-26 18:48:31,152 - INFO - Step 225280 - Actor Loss: -0.0000, Critic Loss: 0.0000, Entropy: -2.7045
2025-09-26 18:48:32,091 - INFO - Step 227328 - Actor Loss: -0.0001, Critic Loss: 0.0000, Entropy: -2.7013
2025-09-26 18:48:33,093 - INFO - Step 229376 - Actor Loss: -0.0002, Critic Loss: 0.0000, Entropy: -2.7039
2025-09-26 18:48:34,012 - INFO - Step 231424 - Actor Loss: -0.0002, Critic Loss: 0.0000, Entropy: -2.7017
2025-09-26 18:48:34,948 - INFO - Step 233472 - Actor Loss: -0.0002, Critic Loss: 0.0057, Entropy: -2.6998
2025-09-26 18:48:35,870 - INFO - Step 235520 - Actor Loss: -0.0008, Critic Loss: 0.0000, Entropy: -2.7012
2025-09-26 18:48:36,762 - INFO - Step 237568 - Actor Loss: -0.0002, Critic Loss: 0.0053, Entropy: -2.6979
2025-09-26 18:48:37,668 - INFO - Step 239616 - Actor Loss: -0.0002, Critic Loss: 0.0170, Entropy: -2.6966
2025-09-26 18:48:38,554 - INFO - Step 241664 - Actor Loss: -0.0002, Critic Loss: 0.0001, Entropy: -2.6992
2025-09-26 18:48:39,567 - INFO - Step 243712 - Actor Loss: -0.0001, Critic Loss: 0.0000, Entropy: -2.6993
2025-09-26 18:48:39,685 - INFO - Episode 60/1000 - Avg Reward: 0.20, Avg Length: 4000.0, Last Reward: 0.00
2025-09-26 18:48:40,466 - INFO - Step 245760 - Actor Loss: -0.0003, Critic Loss: 0.0000, Entropy: -2.7011
2025-09-26 18:48:41,386 - INFO - Step 247808 - Actor Loss: -0.0003, Critic Loss: 0.0000, Entropy: -2.6996
2025-09-26 18:48:42,302 - INFO - Step 249856 - Actor Loss: -0.0000, Critic Loss: 0.0045, Entropy: -2.7003
2025-09-26 18:48:43,219 - INFO - Step 251904 - Actor Loss: -0.0006, Critic Loss: 0.0000, Entropy: -2.6975
2025-09-26 18:48:44,132 - INFO - Step 253952 - Actor Loss: -0.0005, Critic Loss: 0.0000, Entropy: -2.7003
2025-09-26 18:48:45,113 - INFO - Step 256000 - Actor Loss: -0.0000, Critic Loss: 0.0041, Entropy: -2.7019
2025-09-26 18:48:46,063 - INFO - Step 258048 - Actor Loss: -0.0005, Critic Loss: 0.0000, Entropy: -2.7023
2025-09-26 18:48:46,930 - INFO - Step 260096 - Actor Loss: -0.0075, Critic Loss: 0.0000, Entropy: -2.6922
2025-09-26 18:48:47,852 - INFO - Step 262144 - Actor Loss: -0.0010, Critic Loss: 0.0000, Entropy: -2.6948
2025-09-26 18:48:48,701 - INFO - Step 264192 - Actor Loss: -0.0057, Critic Loss: 0.0000, Entropy: -2.6837
2025-09-26 18:48:49,645 - INFO - Step 266240 - Actor Loss: 0.0001, Critic Loss: 0.0000, Entropy: -2.6868
2025-09-26 18:48:50,490 - INFO - Step 268288 - Actor Loss: -0.0072, Critic Loss: 0.0000, Entropy: -2.6848
2025-09-26 18:48:51,454 - INFO - Step 270336 - Actor Loss: 0.0009, Critic Loss: 0.0000, Entropy: -2.6646
2025-09-26 18:48:52,309 - INFO - Step 272384 - Actor Loss: -0.0054, Critic Loss: 0.0000, Entropy: -2.6638
2025-09-26 18:48:53,221 - INFO - Step 274432 - Actor Loss: -0.0021, Critic Loss: 0.0000, Entropy: -2.6445
2025-09-26 18:48:54,066 - INFO - Step 276480 - Actor Loss: -0.0042, Critic Loss: 0.0000, Entropy: -2.6505
2025-09-26 18:48:54,980 - INFO - Step 278528 - Actor Loss: 0.0002, Critic Loss: 0.0000, Entropy: -2.6073
2025-09-26 18:48:55,825 - INFO - Step 280576 - Actor Loss: -0.0020, Critic Loss: 0.0000, Entropy: -2.6040
2025-09-26 18:48:56,743 - INFO - Step 282624 - Actor Loss: -0.0012, Critic Loss: 0.0000, Entropy: -2.5928
2025-09-26 18:48:57,301 - INFO - Episode 70/1000 - Avg Reward: 0.21, Avg Length: 4000.0, Last Reward: 0.00
2025-09-26 18:48:57,604 - INFO - Step 284672 - Actor Loss: -0.0008, Critic Loss: 0.0121, Entropy: -2.5741
2025-09-26 18:48:58,525 - INFO - Step 286720 - Actor Loss: -0.0017, Critic Loss: 0.0000, Entropy: -2.5873
2025-09-26 18:48:59,378 - INFO - Step 288768 - Actor Loss: -0.0004, Critic Loss: 0.0000, Entropy: -2.6194
2025-09-26 18:49:00,347 - INFO - Step 290816 - Actor Loss: -0.0016, Critic Loss: 0.0000, Entropy: -2.6186
2025-09-26 18:49:01,219 - INFO - Step 292864 - Actor Loss: -0.0032, Critic Loss: 0.0000, Entropy: -2.6272
2025-09-26 18:49:02,135 - INFO - Step 294912 - Actor Loss: -0.0000, Critic Loss: 0.0040, Entropy: -2.6557
2025-09-26 18:49:02,995 - INFO - Step 296960 - Actor Loss: -0.0018, Critic Loss: 0.0000, Entropy: -2.6379
2025-09-26 18:49:03,909 - INFO - Step 299008 - Actor Loss: -0.0015, Critic Loss: 0.0000, Entropy: -2.6391
2025-09-26 18:49:04,775 - INFO - Step 301056 - Actor Loss: -0.0025, Critic Loss: 0.0000, Entropy: -2.6383
2025-09-26 18:49:05,681 - INFO - Step 303104 - Actor Loss: -0.0026, Critic Loss: 0.0000, Entropy: -2.6833
2025-09-26 18:49:06,609 - INFO - Step 305152 - Actor Loss: -0.0042, Critic Loss: 0.0000, Entropy: -2.6797
2025-09-26 18:49:07,534 - INFO - Step 307200 - Actor Loss: -0.0001, Critic Loss: 0.0000, Entropy: -2.7063
2025-09-26 18:49:08,409 - INFO - Step 309248 - Actor Loss: -0.0013, Critic Loss: 0.0000, Entropy: -2.6885
2025-09-26 18:49:09,374 - INFO - Step 311296 - Actor Loss: -0.0003, Critic Loss: 0.0000, Entropy: -2.7051
2025-09-26 18:49:10,285 - INFO - Step 313344 - Actor Loss: -0.0009, Critic Loss: 0.0000, Entropy: -2.6906
2025-09-26 18:49:11,205 - INFO - Step 315392 - Actor Loss: -0.0006, Critic Loss: 0.0040, Entropy: -2.7046
2025-09-26 18:49:12,086 - INFO - Step 317440 - Actor Loss: 0.0000, Critic Loss: 0.0000, Entropy: -2.6931
2025-09-26 18:49:12,997 - INFO - Step 319488 - Actor Loss: -0.0003, Critic Loss: 0.0000, Entropy: -2.7060
2025-09-26 18:49:13,931 - INFO - Step 321536 - Actor Loss: -0.0002, Critic Loss: 0.0000, Entropy: -2.6968
2025-09-26 18:49:14,841 - INFO - Step 323584 - Actor Loss: -0.0013, Critic Loss: 0.0000, Entropy: -2.7058
2025-09-26 18:49:15,007 - INFO - Episode 80/1000 - Avg Reward: 0.22, Avg Length: 4000.0, Last Reward: 0.00
2025-09-26 18:49:15,728 - INFO - Step 325632 - Actor Loss: -0.0008, Critic Loss: 0.0000, Entropy: -2.6913
2025-09-26 18:49:16,632 - INFO - Step 327680 - Actor Loss: -0.0003, Critic Loss: 0.0000, Entropy: -2.7050
2025-09-26 18:49:17,527 - INFO - Step 329728 - Actor Loss: -0.0022, Critic Loss: 0.0000, Entropy: -2.6903
2025-09-26 18:49:18,431 - INFO - Step 331776 - Actor Loss: -0.0002, Critic Loss: 0.0000, Entropy: -2.7045
2025-09-26 18:49:19,336 - INFO - Step 333824 - Actor Loss: -0.0008, Critic Loss: 0.0000, Entropy: -2.6935
2025-09-26 18:49:20,302 - INFO - Step 335872 - Actor Loss: -0.0009, Critic Loss: 0.0000, Entropy: -2.7025
2025-09-26 18:49:21,203 - INFO - Step 337920 - Actor Loss: -0.0008, Critic Loss: 0.0000, Entropy: -2.6863
2025-09-26 18:49:22,112 - INFO - Step 339968 - Actor Loss: 0.0001, Critic Loss: 0.0000, Entropy: -2.7040
2025-09-26 18:49:23,024 - INFO - Step 342016 - Actor Loss: -0.0004, Critic Loss: 0.0000, Entropy: -2.6889
2025-09-26 18:49:23,843 - INFO - Step 344064 - Actor Loss: -0.0150, Critic Loss: 0.0000, Entropy: -2.3972
2025-09-26 18:49:24,745 - INFO - Step 346112 - Actor Loss: -0.0008, Critic Loss: 0.0000, Entropy: -2.7001
2025-09-26 18:49:25,567 - INFO - Step 348160 - Actor Loss: -0.0082, Critic Loss: 0.0000, Entropy: -2.5678
2025-09-26 18:49:26,468 - INFO - Step 350208 - Actor Loss: -0.0001, Critic Loss: 0.0000, Entropy: -2.7034
2025-09-26 18:49:27,352 - INFO - Step 352256 - Actor Loss: -0.0048, Critic Loss: 0.0000, Entropy: -2.6363
2025-09-26 18:49:28,256 - INFO - Step 354304 - Actor Loss: 0.0002, Critic Loss: 0.0000, Entropy: -2.7030
2025-09-26 18:49:29,085 - INFO - Step 356352 - Actor Loss: -0.0008, Critic Loss: 0.0000, Entropy: -2.6670
2025-09-26 18:49:29,985 - INFO - Step 358400 - Actor Loss: -0.0005, Critic Loss: 0.0000, Entropy: -2.6988
2025-09-26 18:49:30,820 - INFO - Step 360448 - Actor Loss: -0.0004, Critic Loss: 0.0000, Entropy: -2.6720
2025-09-26 18:49:31,718 - INFO - Step 362496 - Actor Loss: -0.0014, Critic Loss: 0.0000, Entropy: -2.6969
2025-09-26 18:49:32,307 - INFO - Episode 90/1000 - Avg Reward: 0.20, Avg Length: 4000.0, Last Reward: 0.00
2025-09-26 18:49:32,556 - INFO - Step 364544 - Actor Loss: -0.0010, Critic Loss: 0.0000, Entropy: -2.6827
2025-09-26 18:49:33,510 - INFO - Step 366592 - Actor Loss: -0.0001, Critic Loss: 0.0000, Entropy: -2.7015
2025-09-26 18:49:34,349 - INFO - Step 368640 - Actor Loss: -0.0026, Critic Loss: 0.0000, Entropy: -2.6860
2025-09-26 18:49:35,305 - INFO - Step 370688 - Actor Loss: -0.0005, Critic Loss: 0.0000, Entropy: -2.7025
2025-09-26 18:49:36,170 - INFO - Step 372736 - Actor Loss: -0.0004, Critic Loss: 0.0000, Entropy: -2.6919
2025-09-26 18:49:37,087 - INFO - Step 374784 - Actor Loss: -0.0002, Critic Loss: 0.0000, Entropy: -2.7008
2025-09-26 18:49:37,955 - INFO - Step 376832 - Actor Loss: -0.0005, Critic Loss: 0.0000, Entropy: -2.6945
2025-09-26 18:49:38,879 - INFO - Step 378880 - Actor Loss: -0.0003, Critic Loss: 0.0000, Entropy: -2.7019
2025-09-26 18:49:39,757 - INFO - Step 380928 - Actor Loss: -0.0012, Critic Loss: 0.0000, Entropy: -2.6818
2025-09-26 18:49:40,739 - INFO - Step 382976 - Actor Loss: -0.0008, Critic Loss: 0.0000, Entropy: -2.7017
2025-09-26 18:49:41,624 - INFO - Step 385024 - Actor Loss: -0.0018, Critic Loss: 0.0000, Entropy: -2.6928
2025-09-26 18:49:42,551 - INFO - Step 387072 - Actor Loss: -0.0018, Critic Loss: 0.0000, Entropy: -2.6994
2025-09-26 18:49:43,431 - INFO - Step 389120 - Actor Loss: -0.0034, Critic Loss: 0.0000, Entropy: -2.6850
2025-09-26 18:49:44,339 - INFO - Step 391168 - Actor Loss: -0.0014, Critic Loss: 0.0000, Entropy: -2.7028
2025-09-26 18:49:45,223 - INFO - Step 393216 - Actor Loss: -0.0040, Critic Loss: 0.0000, Entropy: -2.6918
2025-09-26 18:49:46,152 - INFO - Step 395264 - Actor Loss: 0.0003, Critic Loss: 0.0000, Entropy: -2.7005
2025-09-26 18:49:47,046 - INFO - Step 397312 - Actor Loss: 0.0000, Critic Loss: 0.0000, Entropy: -2.6906
2025-09-26 18:49:48,041 - INFO - Step 399360 - Actor Loss: -0.0002, Critic Loss: 0.0000, Entropy: -2.7051
2025-09-26 18:49:48,941 - INFO - Step 401408 - Actor Loss: -0.0002, Critic Loss: 0.0000, Entropy: -2.6670
2025-09-26 18:49:49,901 - INFO - Step 403456 - Actor Loss: -0.0005, Critic Loss: 0.0000, Entropy: -2.7055
2025-09-26 18:49:50,145 - INFO - Episode 100/1000 - Avg Reward: 0.18, Avg Length: 4000.0, Last Reward: 0.00
2025-09-26 18:49:50,147 - INFO - Checkpoint saved: /home/andres2020/Dev/RL-FL-Research/neatfa-tameem/argos/../logs/ppo_cpfa_20250926_184651/ppo_cpfa_episode_100.pt
2025-09-26 18:49:50,872 - INFO - Step 405504 - Actor Loss: -0.0001, Critic Loss: 0.0000, Entropy: -2.6926
2025-09-26 18:49:51,843 - INFO - Step 407552 - Actor Loss: -0.0001, Critic Loss: 0.0000, Entropy: -2.7041
2025-09-26 18:49:52,811 - INFO - Step 409600 - Actor Loss: -0.0002, Critic Loss: 0.0000, Entropy: -2.6903
2025-09-26 18:49:53,765 - INFO - Step 411648 - Actor Loss: -0.0001, Critic Loss: 0.0040, Entropy: -2.7045
2025-09-26 18:49:54,751 - INFO - Step 413696 - Actor Loss: -0.0007, Critic Loss: 0.0000, Entropy: -2.6868
2025-09-26 18:49:55,693 - INFO - Step 415744 - Actor Loss: -0.0016, Critic Loss: 0.0000, Entropy: -2.7053
2025-09-26 18:49:56,613 - INFO - Step 417792 - Actor Loss: -0.0026, Critic Loss: 0.0000, Entropy: -2.6911
2025-09-26 18:49:57,582 - INFO - Step 419840 - Actor Loss: -0.0002, Critic Loss: 0.0000, Entropy: -2.6792
2025-09-26 18:49:58,550 - INFO - Step 421888 - Actor Loss: -0.0006, Critic Loss: 0.0000, Entropy: -2.6788
2025-09-26 18:49:59,475 - INFO - Step 423936 - Actor Loss: -0.0002, Critic Loss: 0.0000, Entropy: -2.6886
2025-09-26 18:50:00,393 - INFO - Step 425984 - Actor Loss: -0.0002, Critic Loss: 0.0000, Entropy: -2.6934
2025-09-26 18:50:01,320 - INFO - Step 428032 - Actor Loss: -0.0257, Critic Loss: 0.0000, Entropy: -2.4652
2025-09-26 18:50:02,281 - INFO - Step 430080 - Actor Loss: -0.0010, Critic Loss: 0.0000, Entropy: -2.6904
2025-09-26 18:50:03,150 - INFO - Step 432128 - Actor Loss: -0.0055, Critic Loss: 0.0000, Entropy: -2.4540
2025-09-26 18:50:04,093 - INFO - Step 434176 - Actor Loss: 0.0006, Critic Loss: 0.0000, Entropy: -2.6784
2025-09-26 18:50:04,976 - INFO - Step 436224 - Actor Loss: -0.0041, Critic Loss: 0.0337, Entropy: -2.4818
2025-09-26 18:50:05,933 - INFO - Step 438272 - Actor Loss: -0.0007, Critic Loss: 0.0004, Entropy: -2.6654
2025-09-26 18:50:06,826 - INFO - Step 440320 - Actor Loss: -0.0040, Critic Loss: 0.0001, Entropy: -2.5682
2025-09-26 18:50:07,884 - INFO - Step 442368 - Actor Loss: -0.0029, Critic Loss: 0.0000, Entropy: -2.7051
2025-09-26 18:50:08,535 - INFO - Episode 110/1000 - Avg Reward: 0.19, Avg Length: 4000.0, Last Reward: 0.00
2025-09-26 18:50:08,729 - INFO - Step 444416 - Actor Loss: -0.0106, Critic Loss: 0.0023, Entropy: -2.6129
2025-09-26 18:50:09,715 - INFO - Step 446464 - Actor Loss: -0.0029, Critic Loss: 0.0000, Entropy: -2.7045
2025-09-26 18:50:10,585 - INFO - Step 448512 - Actor Loss: -0.0043, Critic Loss: 0.0000, Entropy: -2.6546
2025-09-26 18:50:11,524 - INFO - Step 450560 - Actor Loss: -0.0065, Critic Loss: 0.0000, Entropy: -2.7042
2025-09-26 18:50:12,390 - INFO - Step 452608 - Actor Loss: -0.0010, Critic Loss: 0.0127, Entropy: -2.6736
2025-09-26 18:50:13,337 - INFO - Step 454656 - Actor Loss: -0.0027, Critic Loss: 0.0001, Entropy: -2.7004
2025-09-26 18:50:14,261 - INFO - Step 456704 - Actor Loss: -0.0027, Critic Loss: 0.0000, Entropy: -2.6621
2025-09-26 18:50:15,195 - INFO - Step 458752 - Actor Loss: -0.0028, Critic Loss: 0.0000, Entropy: -2.6992
2025-09-26 18:50:16,105 - INFO - Step 460800 - Actor Loss: 0.0002, Critic Loss: 0.0000, Entropy: -2.6768
2025-09-26 18:50:17,069 - INFO - Step 462848 - Actor Loss: -0.0025, Critic Loss: 0.0000, Entropy: -2.6992
2025-09-26 18:50:17,954 - INFO - Step 464896 - Actor Loss: -0.0012, Critic Loss: 0.0000, Entropy: -2.6784
2025-09-26 18:50:18,891 - INFO - Step 466944 - Actor Loss: -0.0014, Critic Loss: 0.0000, Entropy: -2.6930
2025-09-26 18:50:19,823 - INFO - Step 468992 - Actor Loss: -0.0040, Critic Loss: 0.0000, Entropy: -2.6714
2025-09-26 18:50:20,778 - INFO - Step 471040 - Actor Loss: -0.0011, Critic Loss: 0.0000, Entropy: -2.6880
2025-09-26 18:50:21,682 - INFO - Step 473088 - Actor Loss: -0.0054, Critic Loss: 0.0000, Entropy: -2.6712
2025-09-26 18:50:22,685 - INFO - Step 475136 - Actor Loss: -0.0079, Critic Loss: 0.0000, Entropy: -2.6884
2025-09-26 18:50:23,597 - INFO - Step 477184 - Actor Loss: -0.0024, Critic Loss: 0.0000, Entropy: -2.6734
2025-09-26 18:50:24,528 - INFO - Step 479232 - Actor Loss: -0.0071, Critic Loss: 0.0000, Entropy: -2.6818
2025-09-26 18:50:25,443 - INFO - Step 481280 - Actor Loss: -0.0037, Critic Loss: 0.0000, Entropy: -2.6682
2025-09-26 18:50:26,387 - INFO - Step 483328 - Actor Loss: -0.0000, Critic Loss: 0.0000, Entropy: -2.6726
2025-09-26 18:50:26,670 - INFO - Episode 120/1000 - Avg Reward: 0.21, Avg Length: 4000.0, Last Reward: 0.00
2025-09-26 18:50:27,322 - INFO - Step 485376 - Actor Loss: -0.0031, Critic Loss: 0.0000, Entropy: -2.6659
2025-09-26 18:50:28,341 - INFO - Step 487424 - Actor Loss: -0.0001, Critic Loss: 0.0000, Entropy: -2.6493
2025-09-26 18:50:29,277 - INFO - Step 489472 - Actor Loss: -0.0009, Critic Loss: 0.0000, Entropy: -2.6600
2025-09-26 18:50:30,255 - INFO - Step 491520 - Actor Loss: -0.0025, Critic Loss: 0.0000, Entropy: -2.6615
2025-09-26 18:50:31,156 - INFO - Step 493568 - Actor Loss: -0.0006, Critic Loss: 0.0000, Entropy: -2.6142
2025-09-26 18:50:32,059 - INFO - Step 495616 - Actor Loss: -0.0006, Critic Loss: 0.0000, Entropy: -2.6089
2025-09-26 18:50:32,945 - INFO - Step 497664 - Actor Loss: -0.0009, Critic Loss: 0.0000, Entropy: -2.6217
2025-09-26 18:50:33,853 - INFO - Step 499712 - Actor Loss: -0.0009, Critic Loss: 0.0000, Entropy: -2.6071
2025-09-26 18:50:34,746 - INFO - Step 501760 - Actor Loss: -0.0011, Critic Loss: 0.0043, Entropy: -2.5515
2025-09-26 18:50:35,820 - INFO - Step 503808 - Actor Loss: -0.0003, Critic Loss: 0.0001, Entropy: -2.5264
2025-09-26 18:50:36,751 - INFO - Step 505856 - Actor Loss: -0.0010, Critic Loss: 0.0000, Entropy: -2.6366
2025-09-26 18:50:37,708 - INFO - Step 507904 - Actor Loss: -0.0045, Critic Loss: 0.0001, Entropy: -2.6441
2025-09-26 18:50:38,652 - INFO - Step 509952 - Actor Loss: -0.0006, Critic Loss: 0.0000, Entropy: -2.6044
2025-09-26 18:50:39,601 - INFO - Step 512000 - Actor Loss: -0.0007, Critic Loss: 0.0000, Entropy: -2.5961
2025-09-26 18:50:40,534 - INFO - Step 514048 - Actor Loss: -0.0012, Critic Loss: 0.0000, Entropy: -2.5955
2025-09-26 18:50:41,403 - INFO - Step 516096 - Actor Loss: -0.0109, Critic Loss: 0.0000, Entropy: -2.6524
2025-09-26 18:50:42,425 - INFO - Step 518144 - Actor Loss: -0.0011, Critic Loss: 0.0000, Entropy: -2.5970
2025-09-26 18:50:43,293 - INFO - Step 520192 - Actor Loss: -0.0122, Critic Loss: 0.0000, Entropy: -2.6221
2025-09-26 18:50:44,217 - INFO - Step 522240 - Actor Loss: 0.0011, Critic Loss: 0.0000, Entropy: -2.6344
2025-09-26 18:50:44,977 - INFO - Episode 130/1000 - Avg Reward: 0.21, Avg Length: 4000.0, Last Reward: 0.00
2025-09-26 18:50:45,129 - INFO - Step 524288 - Actor Loss: -0.0050, Critic Loss: 0.0000, Entropy: -2.6613
2025-09-26 18:50:46,087 - INFO - Step 526336 - Actor Loss: -0.0014, Critic Loss: 0.0039, Entropy: -2.6204
2025-09-26 18:50:46,979 - INFO - Step 528384 - Actor Loss: -0.0012, Critic Loss: 0.0000, Entropy: -2.6232
2025-09-26 18:50:48,020 - INFO - Step 530432 - Actor Loss: -0.0004, Critic Loss: 0.0000, Entropy: -2.6132
2025-09-26 18:50:48,917 - INFO - Step 532480 - Actor Loss: -0.0037, Critic Loss: 0.0000, Entropy: -2.6045
2025-09-26 18:50:49,911 - INFO - Step 534528 - Actor Loss: -0.0013, Critic Loss: 0.0000, Entropy: -2.5977
2025-09-26 18:50:50,829 - INFO - Step 536576 - Actor Loss: -0.0007, Critic Loss: 0.0000, Entropy: -2.5608
2025-09-26 18:50:51,828 - INFO - Step 538624 - Actor Loss: -0.0004, Critic Loss: 0.0000, Entropy: -2.5650
2025-09-26 18:50:52,748 - INFO - Step 540672 - Actor Loss: -0.0007, Critic Loss: 0.0000, Entropy: -2.5700
2025-09-26 18:50:53,677 - INFO - Step 542720 - Actor Loss: -0.0004, Critic Loss: 0.0000, Entropy: -2.5593
2025-09-26 18:50:54,586 - INFO - Step 544768 - Actor Loss: -0.0012, Critic Loss: 0.0000, Entropy: -2.5773
2025-09-26 18:50:55,612 - INFO - Step 546816 - Actor Loss: -0.0014, Critic Loss: 0.0000, Entropy: -2.5665
2025-09-26 18:50:56,530 - INFO - Step 548864 - Actor Loss: -0.0006, Critic Loss: 0.0000, Entropy: -2.6122
2025-09-26 18:50:57,482 - INFO - Step 550912 - Actor Loss: -0.0008, Critic Loss: 0.0000, Entropy: -2.5837
2025-09-26 18:50:58,359 - INFO - Step 552960 - Actor Loss: -0.0009, Critic Loss: 0.0000, Entropy: -2.5916
2025-09-26 18:50:59,299 - INFO - Step 555008 - Actor Loss: -0.0002, Critic Loss: 0.0000, Entropy: -2.6018
2025-09-26 18:51:00,200 - INFO - Step 557056 - Actor Loss: 0.0000, Critic Loss: 0.0000, Entropy: -2.5982
2025-09-26 18:51:01,136 - INFO - Step 559104 - Actor Loss: -0.0002, Critic Loss: 0.0000, Entropy: -2.6005
2025-09-26 18:51:02,032 - INFO - Step 561152 - Actor Loss: -0.0020, Critic Loss: 0.0032, Entropy: -2.5092
2025-09-26 18:51:02,968 - INFO - Step 563200 - Actor Loss: -0.0004, Critic Loss: 0.0170, Entropy: -2.5896
2025-09-26 18:51:03,295 - INFO - Episode 140/1000 - Avg Reward: 0.22, Avg Length: 4000.0, Last Reward: 3.00
2025-09-26 18:51:03,923 - INFO - Step 565248 - Actor Loss: -0.0007, Critic Loss: 0.0001, Entropy: -2.6055
2025-09-26 18:51:04,862 - INFO - Step 567296 - Actor Loss: -0.0003, Critic Loss: 0.0001, Entropy: -2.5989
2025-09-26 18:51:05,756 - INFO - Step 569344 - Actor Loss: -0.0007, Critic Loss: 0.0000, Entropy: -2.6057
2025-09-26 18:51:06,698 - INFO - Step 571392 - Actor Loss: -0.0002, Critic Loss: 0.0000, Entropy: -2.6065
2025-09-26 18:51:07,610 - INFO - Step 573440 - Actor Loss: -0.0006, Critic Loss: 0.0000, Entropy: -2.6106
2025-09-26 18:51:08,547 - INFO - Step 575488 - Actor Loss: -0.0003, Critic Loss: 0.0000, Entropy: -2.6144
2025-09-26 18:51:09,463 - INFO - Step 577536 - Actor Loss: -0.0005, Critic Loss: 0.0000, Entropy: -2.6179
2025-09-26 18:51:10,458 - INFO - Step 579584 - Actor Loss: -0.0002, Critic Loss: 0.0000, Entropy: -2.6077
2025-09-26 18:51:11,365 - INFO - Step 581632 - Actor Loss: -0.0005, Critic Loss: 0.0000, Entropy: -2.6148
2025-09-26 18:51:12,293 - INFO - Step 583680 - Actor Loss: -0.0002, Critic Loss: 0.0000, Entropy: -2.6091
2025-09-26 18:51:13,215 - INFO - Step 585728 - Actor Loss: -0.0003, Critic Loss: 0.0000, Entropy: -2.6067
2025-09-26 18:51:14,155 - INFO - Step 587776 - Actor Loss: -0.0007, Critic Loss: 0.0000, Entropy: -2.6052
2025-09-26 18:51:15,081 - INFO - Step 589824 - Actor Loss: -0.0006, Critic Loss: 0.0000, Entropy: -2.6126
2025-09-26 18:51:16,041 - INFO - Step 591872 - Actor Loss: -0.0002, Critic Loss: 0.0000, Entropy: -2.6211
2025-09-26 18:51:17,038 - INFO - Step 593920 - Actor Loss: -0.0003, Critic Loss: 0.0000, Entropy: -2.6175
2025-09-26 18:51:17,975 - INFO - Step 595968 - Actor Loss: -0.0002, Critic Loss: 0.0000, Entropy: -2.6151
2025-09-26 18:51:18,909 - INFO - Step 598016 - Actor Loss: -0.0003, Critic Loss: 0.0000, Entropy: -2.6152
2025-09-26 18:51:19,767 - INFO - Step 600064 - Actor Loss: -0.0097, Critic Loss: 0.0000, Entropy: -2.6108
2025-09-26 18:51:20,709 - INFO - Step 602112 - Actor Loss: -0.0002, Critic Loss: 0.0000, Entropy: -2.6141
2025-09-26 18:51:21,486 - INFO - Episode 150/1000 - Avg Reward: 0.19, Avg Length: 4000.0, Last Reward: 0.00
2025-09-26 18:51:21,488 - INFO - Checkpoint saved: /home/andres2020/Dev/RL-FL-Research/neatfa-tameem/argos/../logs/ppo_cpfa_20250926_184651/ppo_cpfa_episode_150.pt
2025-09-26 18:51:21,577 - INFO - Step 604160 - Actor Loss: -0.0177, Critic Loss: 0.0000, Entropy: -2.6054
2025-09-26 18:51:22,530 - INFO - Step 606208 - Actor Loss: -0.0007, Critic Loss: 0.0000, Entropy: -2.5700
2025-09-26 18:51:23,447 - INFO - Step 608256 - Actor Loss: -0.0027, Critic Loss: 0.0000, Entropy: -2.5742
2025-09-26 18:51:24,375 - INFO - Step 610304 - Actor Loss: -0.0008, Critic Loss: 0.0000, Entropy: -2.5320
2025-09-26 18:51:25,233 - INFO - Step 612352 - Actor Loss: -0.0001, Critic Loss: 0.0000, Entropy: -2.5385
2025-09-26 18:51:26,166 - INFO - Step 614400 - Actor Loss: -0.0004, Critic Loss: 0.0000, Entropy: -2.5163
2025-09-26 18:51:27,069 - INFO - Step 616448 - Actor Loss: -0.0008, Critic Loss: 0.0000, Entropy: -2.5276
2025-09-26 18:51:27,986 - INFO - Step 618496 - Actor Loss: -0.0003, Critic Loss: 0.0000, Entropy: -2.5048
2025-09-26 18:51:28,829 - INFO - Step 620544 - Actor Loss: -0.0006, Critic Loss: 0.0000, Entropy: -2.5101
2025-09-26 18:51:29,810 - INFO - Step 622592 - Actor Loss: -0.0001, Critic Loss: 0.0000, Entropy: -2.5142
2025-09-26 18:51:30,668 - INFO - Step 624640 - Actor Loss: -0.0006, Critic Loss: 0.0000, Entropy: -2.5218
2025-09-26 18:51:31,581 - INFO - Step 626688 - Actor Loss: -0.0007, Critic Loss: 0.0000, Entropy: -2.5142
2025-09-26 18:51:32,444 - INFO - Step 628736 - Actor Loss: -0.0007, Critic Loss: 0.0000, Entropy: -2.5428
2025-09-26 18:51:33,365 - INFO - Step 630784 - Actor Loss: -0.0006, Critic Loss: 0.0000, Entropy: -2.5495
2025-09-26 18:51:34,229 - INFO - Step 632832 - Actor Loss: -0.0002, Critic Loss: 0.0000, Entropy: -2.5783
2025-09-26 18:51:35,148 - INFO - Step 634880 - Actor Loss: -0.0001, Critic Loss: 0.0000, Entropy: -2.5649
2025-09-26 18:51:36,017 - INFO - Step 636928 - Actor Loss: -0.0003, Critic Loss: 0.0000, Entropy: -2.5875
2025-09-26 18:51:36,999 - INFO - Step 638976 - Actor Loss: -0.0002, Critic Loss: 0.0000, Entropy: -2.5747
2025-09-26 18:51:37,902 - INFO - Step 641024 - Actor Loss: -0.0006, Critic Loss: 0.0009, Entropy: -2.5428
2025-09-26 18:51:38,818 - INFO - Step 643072 - Actor Loss: -0.0006, Critic Loss: 0.0000, Entropy: -2.5509
2025-09-26 18:51:39,249 - INFO - Episode 160/1000 - Avg Reward: 0.16, Avg Length: 4000.0, Last Reward: 1.00
2025-09-26 18:51:39,795 - INFO - Step 645120 - Actor Loss: -0.0002, Critic Loss: 0.0000, Entropy: -2.5825
2025-09-26 18:51:40,726 - INFO - Step 647168 - Actor Loss: -0.0002, Critic Loss: 0.0000, Entropy: -2.5899
2025-09-26 18:51:41,633 - INFO - Step 649216 - Actor Loss: -0.0003, Critic Loss: 0.0000, Entropy: -2.5902
2025-09-26 18:51:42,579 - INFO - Step 651264 - Actor Loss: -0.0003, Critic Loss: 0.0000, Entropy: -2.5832
2025-09-26 18:51:43,523 - INFO - Step 653312 - Actor Loss: -0.0005, Critic Loss: 0.0000, Entropy: -2.5901
2025-09-26 18:51:44,508 - INFO - Step 655360 - Actor Loss: -0.0003, Critic Loss: 0.0000, Entropy: -2.5875
2025-09-26 18:51:45,561 - INFO - Step 657408 - Actor Loss: -0.0002, Critic Loss: 0.0000, Entropy: -2.6027
2025-09-26 18:51:46,512 - INFO - Step 659456 - Actor Loss: -0.0003, Critic Loss: 0.0000, Entropy: -2.6095
2025-09-26 18:51:47,403 - INFO - Step 661504 - Actor Loss: -0.0002, Critic Loss: 0.0000, Entropy: -2.6036
2025-09-26 18:51:48,363 - INFO - Step 663552 - Actor Loss: -0.0001, Critic Loss: 0.0000, Entropy: -2.5934
2025-09-26 18:51:49,278 - INFO - Step 665600 - Actor Loss: -0.0001, Critic Loss: 0.0000, Entropy: -2.6165
2025-09-26 18:51:50,216 - INFO - Step 667648 - Actor Loss: -0.0001, Critic Loss: 0.0000, Entropy: -2.6013
2025-09-26 18:51:51,164 - INFO - Step 669696 - Actor Loss: -0.0003, Critic Loss: 0.0000, Entropy: -2.6176
2025-09-26 18:51:52,182 - INFO - Step 671744 - Actor Loss: -0.0003, Critic Loss: 0.0039, Entropy: -2.6145
2025-09-26 18:51:53,109 - INFO - Step 673792 - Actor Loss: -0.0007, Critic Loss: 0.0001, Entropy: -2.6340
2025-09-26 18:51:54,037 - INFO - Step 675840 - Actor Loss: -0.0008, Critic Loss: 0.0000, Entropy: -2.6160
2025-09-26 18:51:54,964 - INFO - Step 677888 - Actor Loss: -0.0005, Critic Loss: 0.0000, Entropy: -2.6305
2025-09-26 18:51:55,896 - INFO - Step 679936 - Actor Loss: -0.0011, Critic Loss: 0.0000, Entropy: -2.6269
2025-09-26 18:51:56,820 - INFO - Step 681984 - Actor Loss: -0.0003, Critic Loss: 0.0000, Entropy: -2.6212
2025-09-26 18:51:57,639 - INFO - Episode 170/1000 - Avg Reward: 0.14, Avg Length: 4000.0, Last Reward: 0.00
2025-09-26 18:51:57,669 - INFO - Step 684032 - Actor Loss: -0.0142, Critic Loss: 0.0000, Entropy: -2.5298
2025-09-26 18:51:58,673 - INFO - Step 686080 - Actor Loss: -0.0002, Critic Loss: 0.0000, Entropy: -2.5953
2025-09-26 18:51:59,533 - INFO - Step 688128 - Actor Loss: -0.0022, Critic Loss: 0.0000, Entropy: -2.5769
2025-09-26 18:52:00,461 - INFO - Step 690176 - Actor Loss: -0.0001, Critic Loss: 0.0000, Entropy: -2.5984
2025-09-26 18:52:01,311 - INFO - Step 692224 - Actor Loss: -0.0028, Critic Loss: 0.0000, Entropy: -2.6149
2025-09-26 18:52:02,233 - INFO - Step 694272 - Actor Loss: 0.0001, Critic Loss: 0.0000, Entropy: -2.5994
2025-09-26 18:52:03,087 - INFO - Step 696320 - Actor Loss: -0.0008, Critic Loss: 0.0000, Entropy: -2.6172
2025-09-26 18:52:04,012 - INFO - Step 698368 - Actor Loss: -0.0003, Critic Loss: 0.0000, Entropy: -2.5994
2025-09-26 18:52:04,867 - INFO - Step 700416 - Actor Loss: -0.0008, Critic Loss: 0.0000, Entropy: -2.5966
2025-09-26 18:52:05,844 - INFO - Step 702464 - Actor Loss: -0.0007, Critic Loss: 0.0000, Entropy: -2.5881
2025-09-26 18:52:06,699 - INFO - Step 704512 - Actor Loss: -0.0013, Critic Loss: 0.0000, Entropy: -2.6044
2025-09-26 18:52:07,617 - INFO - Step 706560 - Actor Loss: -0.0006, Critic Loss: 0.0000, Entropy: -2.5932
2025-09-26 18:52:08,466 - INFO - Step 708608 - Actor Loss: -0.0014, Critic Loss: 0.0000, Entropy: -2.5843
2025-09-26 18:52:09,379 - INFO - Step 710656 - Actor Loss: -0.0005, Critic Loss: 0.0000, Entropy: -2.5829
2025-09-26 18:52:10,246 - INFO - Step 712704 - Actor Loss: -0.0012, Critic Loss: 0.0000, Entropy: -2.5823
2025-09-26 18:52:11,169 - INFO - Step 714752 - Actor Loss: -0.0005, Critic Loss: 0.0000, Entropy: -2.5750
2025-09-26 18:52:12,036 - INFO - Step 716800 - Actor Loss: -0.0005, Critic Loss: 0.0000, Entropy: -2.5889
2025-09-26 18:52:13,020 - INFO - Step 718848 - Actor Loss: -0.0004, Critic Loss: 0.0000, Entropy: -2.5746
2025-09-26 18:52:13,882 - INFO - Step 720896 - Actor Loss: -0.0006, Critic Loss: 0.0000, Entropy: -2.5932
2025-09-26 18:52:14,790 - INFO - Step 722944 - Actor Loss: -0.0008, Critic Loss: 0.0000, Entropy: -2.5778
2025-09-26 18:52:15,210 - INFO - Episode 180/1000 - Avg Reward: 0.11, Avg Length: 4000.0, Last Reward: 0.00
2025-09-26 18:52:15,697 - INFO - Step 724992 - Actor Loss: -0.0004, Critic Loss: 0.0000, Entropy: -2.5954
2025-09-26 18:52:16,670 - INFO - Step 727040 - Actor Loss: -0.0011, Critic Loss: 0.0000, Entropy: -2.5947
2025-09-26 18:52:17,565 - INFO - Step 729088 - Actor Loss: -0.0001, Critic Loss: 0.0000, Entropy: -2.5958
2025-09-26 18:52:18,503 - INFO - Step 731136 - Actor Loss: -0.0007, Critic Loss: 0.0000, Entropy: -2.5952
2025-09-26 18:52:19,397 - INFO - Step 733184 - Actor Loss: -0.0003, Critic Loss: 0.0000, Entropy: -2.6036
2025-09-26 18:52:20,426 - INFO - Step 735232 - Actor Loss: -0.0004, Critic Loss: 0.0000, Entropy: -2.5986
2025-09-26 18:52:21,371 - INFO - Step 737280 - Actor Loss: -0.0004, Critic Loss: 0.0000, Entropy: -2.6006
2025-09-26 18:52:22,348 - INFO - Step 739328 - Actor Loss: -0.0002, Critic Loss: 0.0000, Entropy: -2.6007
2025-09-26 18:52:23,276 - INFO - Step 741376 - Actor Loss: -0.0006, Critic Loss: 0.0000, Entropy: -2.6011
2025-09-26 18:52:24,204 - INFO - Step 743424 - Actor Loss: -0.0005, Critic Loss: 0.0000, Entropy: -2.6027
2025-09-26 18:52:25,089 - INFO - Step 745472 - Actor Loss: -0.0006, Critic Loss: 0.0000, Entropy: -2.6104
2025-09-26 18:52:26,010 - INFO - Step 747520 - Actor Loss: -0.0003, Critic Loss: 0.0000, Entropy: -2.6084
2025-09-26 18:52:26,968 - INFO - Step 749568 - Actor Loss: -0.0005, Critic Loss: 0.0000, Entropy: -2.6190
2025-09-26 18:52:27,915 - INFO - Step 751616 - Actor Loss: -0.0006, Critic Loss: 0.0000, Entropy: -2.6064
2025-09-26 18:52:28,827 - INFO - Step 753664 - Actor Loss: -0.0004, Critic Loss: 0.0000, Entropy: -2.6115
2025-09-26 18:52:29,779 - INFO - Step 755712 - Actor Loss: -0.0002, Critic Loss: 0.0000, Entropy: -2.6069
2025-09-26 18:52:30,699 - INFO - Step 757760 - Actor Loss: -0.0003, Critic Loss: 0.0000, Entropy: -2.6070
2025-09-26 18:52:31,631 - INFO - Step 759808 - Actor Loss: -0.0005, Critic Loss: 0.0000, Entropy: -2.6116
2025-09-26 18:52:32,546 - INFO - Step 761856 - Actor Loss: -0.0006, Critic Loss: 0.0000, Entropy: -2.6030
2025-09-26 18:52:33,549 - INFO - Step 763904 - Actor Loss: -0.0003, Critic Loss: 0.0000, Entropy: -2.6068
2025-09-26 18:52:33,588 - INFO - Episode 190/1000 - Avg Reward: 0.11, Avg Length: 4000.0, Last Reward: 0.00
2025-09-26 18:52:34,457 - INFO - Step 765952 - Actor Loss: -0.0004, Critic Loss: 0.0000, Entropy: -2.6107
2025-09-26 18:52:35,379 - INFO - Step 768000 - Actor Loss: -0.0004, Critic Loss: 0.0000, Entropy: -2.5997
2025-09-26 18:52:36,300 - INFO - Step 770048 - Actor Loss: -0.0002, Critic Loss: 0.0000, Entropy: -2.6015
2025-09-26 18:52:37,143 - INFO - Step 772096 - Actor Loss: -0.0040, Critic Loss: 0.0000, Entropy: -2.6227
2025-09-26 18:52:38,064 - INFO - Step 774144 - Actor Loss: -0.0003, Critic Loss: 0.0000, Entropy: -2.5893
2025-09-26 18:52:38,898 - INFO - Step 776192 - Actor Loss: -0.0080, Critic Loss: 0.0000, Entropy: -2.6052
2025-09-26 18:52:39,873 - INFO - Step 778240 - Actor Loss: -0.0007, Critic Loss: 0.0000, Entropy: -2.5745
2025-09-26 18:52:40,726 - INFO - Step 780288 - Actor Loss: -0.0014, Critic Loss: 0.0000, Entropy: -2.5597
2025-09-26 18:52:41,646 - INFO - Step 782336 - Actor Loss: -0.0004, Critic Loss: 0.0000, Entropy: -2.5492
2025-09-26 18:52:42,490 - INFO - Step 784384 - Actor Loss: -0.0010, Critic Loss: 0.0000, Entropy: -2.5478
2025-09-26 18:52:43,413 - INFO - Step 786432 - Actor Loss: -0.0008, Critic Loss: 0.0000, Entropy: -2.5491
2025-09-26 18:52:44,253 - INFO - Step 788480 - Actor Loss: -0.0009, Critic Loss: 0.0000, Entropy: -2.5620
2025-09-26 18:52:45,165 - INFO - Step 790528 - Actor Loss: -0.0008, Critic Loss: 0.0000, Entropy: -2.5645
2025-09-26 18:52:46,023 - INFO - Step 792576 - Actor Loss: -0.0009, Critic Loss: 0.0000, Entropy: -2.5782
2025-09-26 18:52:46,950 - INFO - Step 794624 - Actor Loss: -0.0004, Critic Loss: 0.0000, Entropy: -2.5724
2025-09-26 18:52:47,902 - INFO - Step 796672 - Actor Loss: -0.0010, Critic Loss: 0.0000, Entropy: -2.5791
2025-09-26 18:52:48,877 - INFO - Step 798720 - Actor Loss: -0.0005, Critic Loss: 0.0000, Entropy: -2.5651
2025-09-26 18:52:49,797 - INFO - Step 800768 - Actor Loss: -0.0010, Critic Loss: 0.0000, Entropy: -2.5755
2025-09-26 18:52:50,753 - INFO - Step 802816 - Actor Loss: -0.0003, Critic Loss: 0.0000, Entropy: -2.5628
2025-09-26 18:52:51,242 - INFO - Episode 200/1000 - Avg Reward: 0.11, Avg Length: 4000.0, Last Reward: 0.00
2025-09-26 18:52:51,244 - INFO - Checkpoint saved: /home/andres2020/Dev/RL-FL-Research/neatfa-tameem/argos/../logs/ppo_cpfa_20250926_184651/ppo_cpfa_episode_200.pt
2025-09-26 18:52:51,646 - INFO - Step 804864 - Actor Loss: -0.0005, Critic Loss: 0.0000, Entropy: -2.5818
2025-09-26 18:52:52,570 - INFO - Step 806912 - Actor Loss: -0.0004, Critic Loss: 0.0000, Entropy: -2.5715
2025-09-26 18:52:53,451 - INFO - Step 808960 - Actor Loss: -0.0008, Critic Loss: 0.0000, Entropy: -2.5727
2025-09-26 18:52:54,381 - INFO - Step 811008 - Actor Loss: -0.0002, Critic Loss: 0.0000, Entropy: -2.5685
2025-09-26 18:52:55,257 - INFO - Step 813056 - Actor Loss: -0.0004, Critic Loss: 0.0000, Entropy: -2.5664
2025-09-26 18:52:56,251 - INFO - Step 815104 - Actor Loss: -0.0003, Critic Loss: 0.0000, Entropy: -2.5643
2025-09-26 18:52:57,147 - INFO - Step 817152 - Actor Loss: -0.0002, Critic Loss: 0.0000, Entropy: -2.5702
2025-09-26 18:52:58,087 - INFO - Step 819200 - Actor Loss: -0.0002, Critic Loss: 0.0000, Entropy: -2.5749
2025-09-26 18:52:58,991 - INFO - Step 821248 - Actor Loss: -0.0005, Critic Loss: 0.0000, Entropy: -2.5755
2025-09-26 18:52:59,901 - INFO - Step 823296 - Actor Loss: -0.0006, Critic Loss: 0.0000, Entropy: -2.5761
2025-09-26 18:53:00,804 - INFO - Step 825344 - Actor Loss: -0.0003, Critic Loss: 0.0000, Entropy: -2.5935
2025-09-26 18:53:01,719 - INFO - Step 827392 - Actor Loss: -0.0005, Critic Loss: 0.0000, Entropy: -2.5977
2025-09-26 18:53:02,605 - INFO - Step 829440 - Actor Loss: -0.0003, Critic Loss: 0.0000, Entropy: -2.6114
2025-09-26 18:53:03,572 - INFO - Step 831488 - Actor Loss: -0.0008, Critic Loss: 0.0000, Entropy: -2.6079
2025-09-26 18:53:04,456 - INFO - Step 833536 - Actor Loss: -0.0002, Critic Loss: 0.0000, Entropy: -2.6259
2025-09-26 18:53:05,368 - INFO - Step 835584 - Actor Loss: -0.0001, Critic Loss: 0.0000, Entropy: -2.6295
2025-09-26 18:53:06,259 - INFO - Step 837632 - Actor Loss: -0.0002, Critic Loss: 0.0000, Entropy: -2.6291
2025-09-26 18:53:07,169 - INFO - Step 839680 - Actor Loss: -0.0004, Critic Loss: 0.0000, Entropy: -2.6307
2025-09-26 18:53:08,069 - INFO - Step 841728 - Actor Loss: -0.0005, Critic Loss: 0.0000, Entropy: -2.6303
2025-09-26 18:53:08,974 - INFO - Step 843776 - Actor Loss: -0.0005, Critic Loss: 0.0000, Entropy: -2.6362
2025-09-26 18:53:09,063 - INFO - Episode 210/1000 - Avg Reward: 0.09, Avg Length: 4000.0, Last Reward: 0.00
2025-09-26 18:53:09,927 - INFO - Step 845824 - Actor Loss: -0.0003, Critic Loss: 0.0000, Entropy: -2.6318
2025-09-26 18:53:10,845 - INFO - Step 847872 - Actor Loss: -0.0004, Critic Loss: 0.0000, Entropy: -2.6446
2025-09-26 18:53:11,754 - INFO - Step 849920 - Actor Loss: -0.0004, Critic Loss: 0.0000, Entropy: -2.6489
2025-09-26 18:53:12,662 - INFO - Step 851968 - Actor Loss: -0.0002, Critic Loss: 0.0000, Entropy: -2.6532
2025-09-26 18:53:13,574 - INFO - Step 854016 - Actor Loss: -0.0003, Critic Loss: 0.0000, Entropy: -2.6546
2025-09-26 18:53:14,399 - INFO - Step 856064 - Actor Loss: -0.0103, Critic Loss: 0.0000, Entropy: -2.6255
2025-09-26 18:53:15,305 - INFO - Step 858112 - Actor Loss: -0.0002, Critic Loss: 0.0000, Entropy: -2.6633
2025-09-26 18:53:16,184 - INFO - Step 860160 - Actor Loss: -0.0010, Critic Loss: 0.0000, Entropy: -2.6562
2025-09-26 18:53:17,095 - INFO - Step 862208 - Actor Loss: -0.0001, Critic Loss: 0.0000, Entropy: -2.6711
2025-09-26 18:53:17,929 - INFO - Step 864256 - Actor Loss: -0.0018, Critic Loss: 0.0000, Entropy: -2.6767
2025-09-26 18:53:18,837 - INFO - Step 866304 - Actor Loss: -0.0001, Critic Loss: 0.0000, Entropy: -2.6704
2025-09-26 18:53:19,673 - INFO - Step 868352 - Actor Loss: -0.0002, Critic Loss: 0.0000, Entropy: -2.6808
2025-09-26 18:53:20,583 - INFO - Step 870400 - Actor Loss: -0.0002, Critic Loss: 0.0000, Entropy: -2.6727
2025-09-26 18:53:21,426 - INFO - Step 872448 - Actor Loss: -0.0008, Critic Loss: 0.0000, Entropy: -2.6724
2025-09-26 18:53:22,388 - INFO - Step 874496 - Actor Loss: -0.0001, Critic Loss: 0.0000, Entropy: -2.6591
2025-09-26 18:53:23,236 - INFO - Step 876544 - Actor Loss: -0.0001, Critic Loss: 0.0000, Entropy: -2.6677
2025-09-26 18:53:24,145 - INFO - Step 878592 - Actor Loss: -0.0001, Critic Loss: 0.0000, Entropy: -2.6628
2025-09-26 18:53:24,991 - INFO - Step 880640 - Actor Loss: -0.0004, Critic Loss: 0.0000, Entropy: -2.6719
2025-09-26 18:53:25,902 - INFO - Step 882688 - Actor Loss: -0.0001, Critic Loss: 0.0000, Entropy: -2.6630
2025-09-26 18:53:26,421 - INFO - Episode 220/1000 - Avg Reward: 0.07, Avg Length: 4000.0, Last Reward: 0.00
2025-09-26 18:53:26,755 - INFO - Step 884736 - Actor Loss: -0.0001, Critic Loss: 0.0000, Entropy: -2.6674
2025-09-26 18:53:27,666 - INFO - Step 886784 - Actor Loss: -0.0002, Critic Loss: 0.0000, Entropy: -2.6697
2025-09-26 18:53:28,522 - INFO - Step 888832 - Actor Loss: -0.0002, Critic Loss: 0.0000, Entropy: -2.6642
2025-09-26 18:53:29,434 - INFO - Step 890880 - Actor Loss: -0.0001, Critic Loss: 0.0000, Entropy: -2.6679
2025-09-26 18:53:30,348 - INFO - Step 892928 - Actor Loss: -0.0002, Critic Loss: 0.0000, Entropy: -2.6668
2025-09-26 18:53:31,259 - INFO - Step 894976 - Actor Loss: -0.0004, Critic Loss: 0.0000, Entropy: -2.6680
2025-09-26 18:53:32,121 - INFO - Step 897024 - Actor Loss: -0.0002, Critic Loss: 0.0000, Entropy: -2.6626
2025-09-26 18:53:33,029 - INFO - Step 899072 - Actor Loss: -0.0005, Critic Loss: 0.0000, Entropy: -2.6748
2025-09-26 18:53:33,898 - INFO - Step 901120 - Actor Loss: -0.0006, Critic Loss: 0.0000, Entropy: -2.6768
2025-09-26 18:53:34,810 - INFO - Step 903168 - Actor Loss: -0.0004, Critic Loss: 0.0000, Entropy: -2.6797
2025-09-26 18:53:35,690 - INFO - Step 905216 - Actor Loss: -0.0005, Critic Loss: 0.0000, Entropy: -2.6892
2025-09-26 18:53:36,600 - INFO - Step 907264 - Actor Loss: -0.0002, Critic Loss: 0.0000, Entropy: -2.6790
2025-09-26 18:53:37,532 - INFO - Step 909312 - Actor Loss: -0.0003, Critic Loss: 0.0000, Entropy: -2.6776
2025-09-26 18:53:38,441 - INFO - Step 911360 - Actor Loss: -0.0004, Critic Loss: 0.0000, Entropy: -2.6911
2025-09-26 18:53:39,322 - INFO - Step 913408 - Actor Loss: -0.0004, Critic Loss: 0.0000, Entropy: -2.6854
2025-09-26 18:53:40,231 - INFO - Step 915456 - Actor Loss: -0.0004, Critic Loss: 0.0000, Entropy: -2.6938
2025-09-26 18:53:41,115 - INFO - Step 917504 - Actor Loss: -0.0000, Critic Loss: 0.0000, Entropy: -2.6862
2025-09-26 18:53:42,027 - INFO - Step 919552 - Actor Loss: -0.0001, Critic Loss: 0.0000, Entropy: -2.6934
2025-09-26 18:53:42,918 - INFO - Step 921600 - Actor Loss: -0.0000, Critic Loss: 0.0000, Entropy: -2.6971
2025-09-26 18:53:43,877 - INFO - Step 923648 - Actor Loss: -0.0001, Critic Loss: 0.0000, Entropy: -2.6924
2025-09-26 18:53:44,017 - INFO - Episode 230/1000 - Avg Reward: 0.07, Avg Length: 4000.0, Last Reward: 0.00
2025-09-26 18:53:44,767 - INFO - Step 925696 - Actor Loss: -0.0008, Critic Loss: 0.0000, Entropy: -2.6939
2025-09-26 18:53:45,684 - INFO - Step 927744 - Actor Loss: -0.0005, Critic Loss: 0.0000, Entropy: -2.6901
2025-09-26 18:53:46,580 - INFO - Step 929792 - Actor Loss: -0.0001, Critic Loss: 0.0000, Entropy: -2.6825
2025-09-26 18:53:47,497 - INFO - Step 931840 - Actor Loss: -0.0001, Critic Loss: 0.0000, Entropy: -2.6865
2025-09-26 18:53:48,398 - INFO - Step 933888 - Actor Loss: -0.0001, Critic Loss: 0.0000, Entropy: -2.6816
2025-09-26 18:53:49,364 - INFO - Step 935936 - Actor Loss: -0.0001, Critic Loss: 0.0000, Entropy: -2.6776
2025-09-26 18:53:50,271 - INFO - Step 937984 - Actor Loss: -0.0002, Critic Loss: 0.0000, Entropy: -2.6823
2025-09-26 18:53:51,093 - INFO - Step 940032 - Actor Loss: -0.0097, Critic Loss: 0.0000, Entropy: -2.6433
2025-09-26 18:53:52,000 - INFO - Step 942080 - Actor Loss: -0.0004, Critic Loss: 0.0000, Entropy: -2.6694
2025-09-26 18:53:52,824 - INFO - Step 944128 - Actor Loss: -0.0015, Critic Loss: 0.0000, Entropy: -2.6511
2025-09-26 18:53:53,728 - INFO - Step 946176 - Actor Loss: -0.0000, Critic Loss: 0.0000, Entropy: -2.6805
2025-09-26 18:53:54,553 - INFO - Step 948224 - Actor Loss: -0.0010, Critic Loss: 0.0000, Entropy: -2.6697
2025-09-26 18:53:55,514 - INFO - Step 950272 - Actor Loss: -0.0003, Critic Loss: 0.0000, Entropy: -2.6790
2025-09-26 18:53:56,352 - INFO - Step 952320 - Actor Loss: -0.0011, Critic Loss: 0.0000, Entropy: -2.6515
2025-09-26 18:53:57,257 - INFO - Step 954368 - Actor Loss: -0.0000, Critic Loss: 0.0000, Entropy: -2.6690
2025-09-26 18:53:58,093 - INFO - Step 956416 - Actor Loss: -0.0016, Critic Loss: 0.0000, Entropy: -2.6708
2025-09-26 18:53:58,996 - INFO - Step 958464 - Actor Loss: -0.0006, Critic Loss: 0.0000, Entropy: -2.6641
2025-09-26 18:53:59,835 - INFO - Step 960512 - Actor Loss: -0.0014, Critic Loss: 0.0000, Entropy: -2.6574
2025-09-26 18:54:00,740 - INFO - Step 962560 - Actor Loss: -0.0009, Critic Loss: 0.0000, Entropy: -2.6448
2025-09-26 18:54:01,309 - INFO - Episode 240/1000 - Avg Reward: 0.03, Avg Length: 4000.0, Last Reward: 0.00
2025-09-26 18:54:01,585 - INFO - Step 964608 - Actor Loss: -0.0008, Critic Loss: 0.0000, Entropy: -2.6471
2025-09-26 18:54:02,550 - INFO - Step 966656 - Actor Loss: -0.0008, Critic Loss: 0.0000, Entropy: -2.6277
2025-09-26 18:54:03,407 - INFO - Step 968704 - Actor Loss: -0.0005, Critic Loss: 0.0000, Entropy: -2.6290
2025-09-26 18:54:04,312 - INFO - Step 970752 - Actor Loss: -0.0002, Critic Loss: 0.0000, Entropy: -2.6225
2025-09-26 18:54:05,201 - INFO - Step 972800 - Actor Loss: -0.0006, Critic Loss: 0.0000, Entropy: -2.6128
2025-09-26 18:54:06,153 - INFO - Step 974848 - Actor Loss: -0.0003, Critic Loss: 0.0000, Entropy: -2.6108
2025-09-26 18:54:07,061 - INFO - Step 976896 - Actor Loss: -0.0002, Critic Loss: 0.0000, Entropy: -2.6117
2025-09-26 18:54:08,021 - INFO - Step 978944 - Actor Loss: -0.0003, Critic Loss: 0.0000, Entropy: -2.6070
2025-09-26 18:54:08,945 - INFO - Step 980992 - Actor Loss: -0.0003, Critic Loss: 0.0000, Entropy: -2.6126
2025-09-26 18:54:09,923 - INFO - Step 983040 - Actor Loss: -0.0005, Critic Loss: 0.0000, Entropy: -2.6077
2025-09-26 18:54:10,878 - INFO - Step 985088 - Actor Loss: -0.0004, Critic Loss: 0.0000, Entropy: -2.6038
2025-09-26 18:54:11,865 - INFO - Step 987136 - Actor Loss: -0.0003, Critic Loss: 0.0000, Entropy: -2.6039
2025-09-26 18:54:12,755 - INFO - Step 989184 - Actor Loss: -0.0004, Critic Loss: 0.0000, Entropy: -2.6064
2025-09-26 18:54:13,663 - INFO - Step 991232 - Actor Loss: -0.0004, Critic Loss: 0.0000, Entropy: -2.6013
2025-09-26 18:54:14,532 - INFO - Step 993280 - Actor Loss: -0.0003, Critic Loss: 0.0000, Entropy: -2.5977
2025-09-26 18:54:15,443 - INFO - Step 995328 - Actor Loss: -0.0005, Critic Loss: 0.0000, Entropy: -2.5942
2025-09-26 18:54:16,320 - INFO - Step 997376 - Actor Loss: -0.0004, Critic Loss: 0.0000, Entropy: -2.5921
2025-09-26 18:54:17,282 - INFO - Step 999424 - Actor Loss: -0.0003, Critic Loss: 0.0000, Entropy: -2.5912
2025-09-26 18:54:18,164 - INFO - Step 1001472 - Actor Loss: -0.0002, Critic Loss: 0.0000, Entropy: -2.5933
2025-09-26 18:54:19,078 - INFO - Step 1003520 - Actor Loss: -0.0003, Critic Loss: 0.0000, Entropy: -2.5957
2025-09-26 18:54:19,272 - INFO - Episode 250/1000 - Avg Reward: 0.03, Avg Length: 4000.0, Last Reward: 0.00
2025-09-26 18:54:19,274 - INFO - Checkpoint saved: /home/andres2020/Dev/RL-FL-Research/neatfa-tameem/argos/../logs/ppo_cpfa_20250926_184651/ppo_cpfa_episode_250.pt
2025-09-26 18:54:19,981 - INFO - Step 1005568 - Actor Loss: -0.0003, Critic Loss: 0.0000, Entropy: -2.5973
2025-09-26 18:54:20,891 - INFO - Step 1007616 - Actor Loss: -0.0004, Critic Loss: 0.0000, Entropy: -2.6032
2025-09-26 18:54:21,783 - INFO - Step 1009664 - Actor Loss: 0.0001, Critic Loss: 0.0000, Entropy: -2.6054
2025-09-26 18:54:22,749 - INFO - Step 1011712 - Actor Loss: -0.0002, Critic Loss: 0.0000, Entropy: -2.6109
2025-09-26 18:54:23,649 - INFO - Step 1013760 - Actor Loss: -0.0002, Critic Loss: 0.0000, Entropy: -2.6123
2025-09-26 18:54:24,559 - INFO - Step 1015808 - Actor Loss: -0.0005, Critic Loss: 0.0000, Entropy: -2.6201
2025-09-26 18:54:25,461 - INFO - Step 1017856 - Actor Loss: -0.0004, Critic Loss: 0.0000, Entropy: -2.6234
2025-09-26 18:54:26,374 - INFO - Step 1019904 - Actor Loss: -0.0003, Critic Loss: 0.0000, Entropy: -2.6277
2025-09-26 18:54:27,280 - INFO - Step 1021952 - Actor Loss: -0.0001, Critic Loss: 0.0000, Entropy: -2.6313
2025-09-26 18:54:28,190 - INFO - Step 1024000 - Actor Loss: -0.0002, Critic Loss: 0.0000, Entropy: -2.6336
2025-09-26 18:54:29,152 - INFO - Step 1026048 - Actor Loss: -0.0001, Critic Loss: 0.0000, Entropy: -2.6373
2025-09-26 18:54:29,979 - INFO - Step 1028096 - Actor Loss: -0.0067, Critic Loss: 0.0000, Entropy: -2.6461
2025-09-26 18:54:30,886 - INFO - Step 1030144 - Actor Loss: 0.0001, Critic Loss: 0.0000, Entropy: -2.6505
2025-09-26 18:54:31,718 - INFO - Step 1032192 - Actor Loss: -0.0020, Critic Loss: 0.0000, Entropy: -2.6626
2025-09-26 18:54:32,627 - INFO - Step 1034240 - Actor Loss: 0.0003, Critic Loss: 0.0000, Entropy: -2.6655
2025-09-26 18:54:33,463 - INFO - Step 1036288 - Actor Loss: -0.0007, Critic Loss: 0.0000, Entropy: -2.6725
2025-09-26 18:54:34,367 - INFO - Step 1038336 - Actor Loss: -0.0002, Critic Loss: 0.0000, Entropy: -2.6668
2025-09-26 18:54:35,259 - INFO - Step 1040384 - Actor Loss: -0.0002, Critic Loss: 0.0000, Entropy: -2.6666
2025-09-26 18:54:36,168 - INFO - Step 1042432 - Actor Loss: -0.0002, Critic Loss: 0.0000, Entropy: -2.6703
2025-09-26 18:54:36,792 - INFO - Episode 260/1000 - Avg Reward: 0.02, Avg Length: 4000.0, Last Reward: 0.00
2025-09-26 18:54:37,017 - INFO - Step 1044480 - Actor Loss: -0.0004, Critic Loss: 0.0000, Entropy: -2.6731
2025-09-26 18:54:37,924 - INFO - Step 1046528 - Actor Loss: -0.0003, Critic Loss: 0.0000, Entropy: -2.6675
2025-09-26 18:54:38,768 - INFO - Step 1048576 - Actor Loss: -0.0008, Critic Loss: 0.0000, Entropy: -2.6723
2025-09-26 18:54:39,676 - INFO - Step 1050624 - Actor Loss: -0.0003, Critic Loss: 0.0000, Entropy: -2.6724
2025-09-26 18:54:40,529 - INFO - Step 1052672 - Actor Loss: -0.0002, Critic Loss: 0.0000, Entropy: -2.6693
2025-09-26 18:54:41,441 - INFO - Step 1054720 - Actor Loss: -0.0001, Critic Loss: 0.0000, Entropy: -2.6732
2025-09-26 18:54:42,349 - INFO - Step 1056768 - Actor Loss: -0.0004, Critic Loss: 0.0000, Entropy: -2.6641
2025-09-26 18:54:43,259 - INFO - Step 1058816 - Actor Loss: -0.0001, Critic Loss: 0.0000, Entropy: -2.6754
2025-09-26 18:54:44,117 - INFO - Step 1060864 - Actor Loss: -0.0002, Critic Loss: 0.0000, Entropy: -2.6754
2025-09-26 18:54:45,025 - INFO - Step 1062912 - Actor Loss: -0.0002, Critic Loss: 0.0000, Entropy: -2.6785
2025-09-26 18:54:45,892 - INFO - Step 1064960 - Actor Loss: -0.0004, Critic Loss: 0.0000, Entropy: -2.6755
2025-09-26 18:54:46,803 - INFO - Step 1067008 - Actor Loss: -0.0001, Critic Loss: 0.0000, Entropy: -2.6757
2025-09-26 18:54:47,672 - INFO - Step 1069056 - Actor Loss: -0.0002, Critic Loss: 0.0000, Entropy: -2.6766
2025-09-26 18:54:48,638 - INFO - Step 1071104 - Actor Loss: -0.0001, Critic Loss: 0.0000, Entropy: -2.6766
2025-09-26 18:54:49,510 - INFO - Step 1073152 - Actor Loss: -0.0004, Critic Loss: 0.0069, Entropy: -2.6757
2025-09-26 18:54:50,417 - INFO - Step 1075200 - Actor Loss: -0.0005, Critic Loss: 0.0001, Entropy: -2.6760
2025-09-26 18:54:51,289 - INFO - Step 1077248 - Actor Loss: -0.0001, Critic Loss: 0.0000, Entropy: -2.6840
2025-09-26 18:54:52,198 - INFO - Step 1079296 - Actor Loss: -0.0002, Critic Loss: 0.0000, Entropy: -2.6842
2025-09-26 18:54:53,079 - INFO - Step 1081344 - Actor Loss: -0.0004, Critic Loss: 0.0000, Entropy: -2.6823
2025-09-26 18:54:53,985 - INFO - Step 1083392 - Actor Loss: -0.0003, Critic Loss: 0.0040, Entropy: -2.6833
2025-09-26 18:54:54,230 - INFO - Episode 270/1000 - Avg Reward: 0.03, Avg Length: 4000.0, Last Reward: 1.00
2025-09-26 18:54:54,871 - INFO - Step 1085440 - Actor Loss: -0.0005, Critic Loss: 0.0000, Entropy: -2.6893
2025-09-26 18:54:55,833 - INFO - Step 1087488 - Actor Loss: -0.0001, Critic Loss: 0.0000, Entropy: -2.6829
2025-09-26 18:54:56,720 - INFO - Step 1089536 - Actor Loss: -0.0001, Critic Loss: 0.0000, Entropy: -2.6896
2025-09-26 18:54:57,630 - INFO - Step 1091584 - Actor Loss: -0.0002, Critic Loss: 0.0000, Entropy: -2.6879
2025-09-26 18:54:58,520 - INFO - Step 1093632 - Actor Loss: -0.0003, Critic Loss: 0.0000, Entropy: -2.6895
2025-09-26 18:54:59,429 - INFO - Step 1095680 - Actor Loss: -0.0003, Critic Loss: 0.0000, Entropy: -2.6918
2025-09-26 18:55:00,324 - INFO - Step 1097728 - Actor Loss: -0.0002, Critic Loss: 0.0000, Entropy: -2.6896
2025-09-26 18:55:01,240 - INFO - Step 1099776 - Actor Loss: -0.0002, Critic Loss: 0.0000, Entropy: -2.6897
2025-09-26 18:55:02,201 - INFO - Step 1101824 - Actor Loss: -0.0001, Critic Loss: 0.0000, Entropy: -2.6902
2025-09-26 18:55:03,117 - INFO - Step 1103872 - Actor Loss: -0.0002, Critic Loss: 0.0000, Entropy: -2.6875
2025-09-26 18:55:04,026 - INFO - Step 1105920 - Actor Loss: -0.0001, Critic Loss: 0.0042, Entropy: -2.6863
2025-09-26 18:55:04,934 - INFO - Step 1107968 - Actor Loss: -0.0003, Critic Loss: 0.0001, Entropy: -2.6824
2025-09-26 18:55:05,845 - INFO - Step 1110016 - Actor Loss: -0.0005, Critic Loss: 0.0000, Entropy: -2.6907
2025-09-26 18:55:06,676 - INFO - Step 1112064 - Actor Loss: -0.0136, Critic Loss: 0.0000, Entropy: -2.6895
2025-09-26 18:55:07,641 - INFO - Step 1114112 - Actor Loss: 0.0005, Critic Loss: 0.0040, Entropy: -2.6729
2025-09-26 18:55:08,472 - INFO - Step 1116160 - Actor Loss: -0.0098, Critic Loss: 0.0000, Entropy: -2.6717
2025-09-26 18:55:09,385 - INFO - Step 1118208 - Actor Loss: -0.0007, Critic Loss: 0.0000, Entropy: -2.6575
2025-09-26 18:55:10,225 - INFO - Step 1120256 - Actor Loss: -0.0015, Critic Loss: 0.0000, Entropy: -2.6433
2025-09-26 18:55:11,138 - INFO - Step 1122304 - Actor Loss: -0.0001, Critic Loss: 0.0000, Entropy: -2.6440
2025-09-26 18:55:11,819 - INFO - Episode 280/1000 - Avg Reward: 0.05, Avg Length: 4000.0, Last Reward: 0.00
2025-09-26 18:55:11,989 - INFO - Step 1124352 - Actor Loss: -0.0014, Critic Loss: 0.0000, Entropy: -2.6310
2025-09-26 18:55:12,902 - INFO - Step 1126400 - Actor Loss: -0.0000, Critic Loss: 0.0000, Entropy: -2.6401
2025-09-26 18:55:13,748 - INFO - Step 1128448 - Actor Loss: -0.0012, Critic Loss: 0.0000, Entropy: -2.6312
2025-09-26 18:55:14,710 - INFO - Step 1130496 - Actor Loss: -0.0001, Critic Loss: 0.0000, Entropy: -2.6431
2025-09-26 18:55:15,556 - INFO - Step 1132544 - Actor Loss: -0.0006, Critic Loss: 0.0000, Entropy: -2.6452
2025-09-26 18:55:16,465 - INFO - Step 1134592 - Actor Loss: -0.0001, Critic Loss: 0.0000, Entropy: -2.6500
2025-09-26 18:55:17,318 - INFO - Step 1136640 - Actor Loss: -0.0007, Critic Loss: 0.0000, Entropy: -2.6491
2025-09-26 18:55:18,231 - INFO - Step 1138688 - Actor Loss: -0.0002, Critic Loss: 0.0000, Entropy: -2.6513
2025-09-26 18:55:19,085 - INFO - Step 1140736 - Actor Loss: -0.0006, Critic Loss: 0.0000, Entropy: -2.6554
2025-09-26 18:55:19,999 - INFO - Step 1142784 - Actor Loss: -0.0002, Critic Loss: 0.0000, Entropy: -2.6531
2025-09-26 18:55:20,855 - INFO - Step 1144832 - Actor Loss: -0.0007, Critic Loss: 0.0000, Entropy: -2.6556
2025-09-26 18:55:21,831 - INFO - Step 1146880 - Actor Loss: -0.0002, Critic Loss: 0.0000, Entropy: -2.6566
2025-09-26 18:55:22,692 - INFO - Step 1148928 - Actor Loss: -0.0002, Critic Loss: 0.0000, Entropy: -2.6617
2025-09-26 18:55:23,608 - INFO - Step 1150976 - Actor Loss: -0.0001, Critic Loss: 0.0000, Entropy: -2.6584
2025-09-26 18:55:24,474 - INFO - Step 1153024 - Actor Loss: -0.0003, Critic Loss: 0.0000, Entropy: -2.6563
2025-09-26 18:55:25,385 - INFO - Step 1155072 - Actor Loss: -0.0003, Critic Loss: 0.0000, Entropy: -2.6559
2025-09-26 18:55:26,257 - INFO - Step 1157120 - Actor Loss: -0.0003, Critic Loss: 0.0000, Entropy: -2.6560
2025-09-26 18:55:27,165 - INFO - Step 1159168 - Actor Loss: -0.0003, Critic Loss: 0.0000, Entropy: -2.6547
2025-09-26 18:55:28,041 - INFO - Step 1161216 - Actor Loss: -0.0001, Critic Loss: 0.0000, Entropy: -2.6548
2025-09-26 18:55:29,011 - INFO - Step 1163264 - Actor Loss: -0.0002, Critic Loss: 0.0000, Entropy: -2.6546
2025-09-26 18:55:29,305 - INFO - Episode 290/1000 - Avg Reward: 0.05, Avg Length: 4000.0, Last Reward: 0.00
2025-09-26 18:55:29,895 - INFO - Step 1165312 - Actor Loss: -0.0001, Critic Loss: 0.0000, Entropy: -2.6578
2025-09-26 18:55:30,808 - INFO - Step 1167360 - Actor Loss: -0.0002, Critic Loss: 0.0000, Entropy: -2.6558
2025-09-26 18:55:31,691 - INFO - Step 1169408 - Actor Loss: -0.0002, Critic Loss: 0.0000, Entropy: -2.6579
2025-09-26 18:55:32,602 - INFO - Step 1171456 - Actor Loss: -0.0001, Critic Loss: 0.0000, Entropy: -2.6550
2025-09-26 18:55:33,487 - INFO - Step 1173504 - Actor Loss: -0.0001, Critic Loss: 0.0000, Entropy: -2.6541
2025-09-26 18:55:34,398 - INFO - Step 1175552 - Actor Loss: -0.0001, Critic Loss: 0.0000, Entropy: -2.6539
2025-09-26 18:55:35,294 - INFO - Step 1177600 - Actor Loss: -0.0003, Critic Loss: 0.0220, Entropy: -2.6502
2025-09-26 18:55:36,260 - INFO - Step 1179648 - Actor Loss: 0.0000, Critic Loss: 0.0203, Entropy: -2.6539
2025-09-26 18:55:37,158 - INFO - Step 1181696 - Actor Loss: -0.0005, Critic Loss: 0.0001, Entropy: -2.6570
2025-09-26 18:55:38,071 - INFO - Step 1183744 - Actor Loss: -0.0002, Critic Loss: 0.0002, Entropy: -2.6556
2025-09-26 18:55:38,969 - INFO - Step 1185792 - Actor Loss: -0.0004, Critic Loss: 0.0001, Entropy: -2.6530
2025-09-26 18:55:39,875 - INFO - Step 1187840 - Actor Loss: -0.0003, Critic Loss: 0.0000, Entropy: -2.6510
2025-09-26 18:55:40,777 - INFO - Step 1189888 - Actor Loss: -0.0004, Critic Loss: 0.0000, Entropy: -2.6512
2025-09-26 18:55:41,683 - INFO - Step 1191936 - Actor Loss: -0.0003, Critic Loss: 0.0000, Entropy: -2.6515
2025-09-26 18:55:42,641 - INFO - Step 1193984 - Actor Loss: -0.0005, Critic Loss: 0.0000, Entropy: -2.6503
2025-09-26 18:55:43,460 - INFO - Step 1196032 - Actor Loss: -0.0080, Critic Loss: 0.0000, Entropy: -2.6291
2025-09-26 18:55:44,363 - INFO - Step 1198080 - Actor Loss: -0.0005, Critic Loss: 0.0000, Entropy: -2.6417
2025-09-26 18:55:45,187 - INFO - Step 1200128 - Actor Loss: -0.0019, Critic Loss: 0.0540, Entropy: -2.6189
2025-09-26 18:55:46,091 - INFO - Step 1202176 - Actor Loss: -0.0003, Critic Loss: 0.0020, Entropy: -2.6319
2025-09-26 18:55:46,809 - INFO - Episode 300/1000 - Avg Reward: 0.12, Avg Length: 4000.0, Last Reward: 1.00
2025-09-26 18:55:46,811 - INFO - Checkpoint saved: /home/andres2020/Dev/RL-FL-Research/neatfa-tameem/argos/../logs/ppo_cpfa_20250926_184651/ppo_cpfa_episode_300.pt
2025-09-26 18:55:46,923 - INFO - Step 1204224 - Actor Loss: -0.0020, Critic Loss: 0.0007, Entropy: -2.6320
2025-09-26 18:55:47,832 - INFO - Step 1206272 - Actor Loss: -0.0004, Critic Loss: 0.0001, Entropy: -2.6455
2025-09-26 18:55:48,671 - INFO - Step 1208320 - Actor Loss: -0.0008, Critic Loss: 0.0001, Entropy: -2.6331
2025-09-26 18:55:49,644 - INFO - Step 1210368 - Actor Loss: -0.0004, Critic Loss: 0.0001, Entropy: -2.6424
2025-09-26 18:55:50,491 - INFO - Step 1212416 - Actor Loss: -0.0008, Critic Loss: 0.0000, Entropy: -2.6402
2025-09-26 18:55:51,400 - INFO - Step 1214464 - Actor Loss: -0.0007, Critic Loss: 0.0001, Entropy: -2.6453
2025-09-26 18:55:52,260 - INFO - Step 1216512 - Actor Loss: -0.0004, Critic Loss: 0.0001, Entropy: -2.6531
2025-09-26 18:55:53,172 - INFO - Step 1218560 - Actor Loss: -0.0003, Critic Loss: 0.0040, Entropy: -2.6467
2025-09-26 18:55:54,029 - INFO - Step 1220608 - Actor Loss: -0.0005, Critic Loss: 0.0001, Entropy: -2.6554
2025-09-26 18:55:54,969 - INFO - Step 1222656 - Actor Loss: -0.0006, Critic Loss: 0.0000, Entropy: -2.6598
2025-09-26 18:55:55,848 - INFO - Step 1224704 - Actor Loss: -0.0007, Critic Loss: 0.0000, Entropy: -2.6631
2025-09-26 18:55:56,856 - INFO - Step 1226752 - Actor Loss: -0.0003, Critic Loss: 0.0000, Entropy: -2.6620
2025-09-26 18:55:57,738 - INFO - Step 1228800 - Actor Loss: -0.0004, Critic Loss: 0.0000, Entropy: -2.6622
2025-09-26 18:55:58,680 - INFO - Step 1230848 - Actor Loss: -0.0001, Critic Loss: 0.0000, Entropy: -2.6611
2025-09-26 18:55:59,554 - INFO - Step 1232896 - Actor Loss: -0.0011, Critic Loss: 0.0000, Entropy: -2.6720
2025-09-26 18:56:00,499 - INFO - Step 1234944 - Actor Loss: 0.0002, Critic Loss: 0.0039, Entropy: -2.6690
2025-09-26 18:56:01,393 - INFO - Step 1236992 - Actor Loss: -0.0007, Critic Loss: 0.0000, Entropy: -2.6778
2025-09-26 18:56:02,334 - INFO - Step 1239040 - Actor Loss: -0.0000, Critic Loss: 0.0000, Entropy: -2.6711
2025-09-26 18:56:03,255 - INFO - Step 1241088 - Actor Loss: -0.0004, Critic Loss: 0.0000, Entropy: -2.6762
2025-09-26 18:56:04,194 - INFO - Step 1243136 - Actor Loss: -0.0002, Critic Loss: 0.0000, Entropy: -2.6723
2025-09-26 18:56:04,546 - INFO - Episode 310/1000 - Avg Reward: 0.14, Avg Length: 4000.0, Last Reward: 0.00
2025-09-26 18:56:05,142 - INFO - Step 1245184 - Actor Loss: -0.0005, Critic Loss: 0.0000, Entropy: -2.6758
2025-09-26 18:56:06,083 - INFO - Step 1247232 - Actor Loss: -0.0001, Critic Loss: 0.0000, Entropy: -2.6771
2025-09-26 18:56:06,985 - INFO - Step 1249280 - Actor Loss: -0.0003, Critic Loss: 0.0000, Entropy: -2.6757
2025-09-26 18:56:07,902 - INFO - Step 1251328 - Actor Loss: -0.0002, Critic Loss: 0.0000, Entropy: -2.6736
2025-09-26 18:56:08,798 - INFO - Step 1253376 - Actor Loss: -0.0002, Critic Loss: 0.0000, Entropy: -2.6730
2025-09-26 18:56:09,723 - INFO - Step 1255424 - Actor Loss: -0.0001, Critic Loss: 0.0000, Entropy: -2.6736
2025-09-26 18:56:10,636 - INFO - Step 1257472 - Actor Loss: -0.0003, Critic Loss: 0.0000, Entropy: -2.6702
2025-09-26 18:56:11,559 - INFO - Step 1259520 - Actor Loss: -0.0001, Critic Loss: 0.0040, Entropy: -2.6833
2025-09-26 18:56:12,510 - INFO - Step 1261568 - Actor Loss: -0.0003, Critic Loss: 0.0000, Entropy: -2.6800
2025-09-26 18:56:13,444 - INFO - Step 1263616 - Actor Loss: -0.0003, Critic Loss: 0.0000, Entropy: -2.6706
2025-09-26 18:56:14,357 - INFO - Step 1265664 - Actor Loss: -0.0002, Critic Loss: 0.0000, Entropy: -2.6683
2025-09-26 18:56:15,289 - INFO - Step 1267712 - Actor Loss: -0.0003, Critic Loss: 0.0000, Entropy: -2.6739
2025-09-26 18:56:16,223 - INFO - Step 1269760 - Actor Loss: -0.0004, Critic Loss: 0.0000, Entropy: -2.6725
2025-09-26 18:56:17,163 - INFO - Step 1271808 - Actor Loss: -0.0003, Critic Loss: 0.0000, Entropy: -2.6774
2025-09-26 18:56:18,170 - INFO - Step 1273856 - Actor Loss: -0.0004, Critic Loss: 0.0000, Entropy: -2.6743
2025-09-26 18:56:19,133 - INFO - Step 1275904 - Actor Loss: -0.0003, Critic Loss: 0.0000, Entropy: -2.6878
2025-09-26 18:56:20,059 - INFO - Step 1277952 - Actor Loss: -0.0001, Critic Loss: 0.0000, Entropy: -2.6779
2025-09-26 18:56:20,987 - INFO - Step 1280000 - Actor Loss: -0.0004, Critic Loss: 0.0000, Entropy: -2.6848
2025-09-26 18:56:21,928 - INFO - Step 1282048 - Actor Loss: -0.0004, Critic Loss: 0.0000, Entropy: -2.6886
2025-09-26 18:56:22,710 - INFO - Episode 320/1000 - Avg Reward: 0.15, Avg Length: 4000.0, Last Reward: 0.00
2025-09-26 18:56:22,768 - INFO - Step 1284096 - Actor Loss: -0.0027, Critic Loss: 0.0000, Entropy: -2.6570
2025-09-26 18:56:23,696 - INFO - Step 1286144 - Actor Loss: 0.0001, Critic Loss: 0.0000, Entropy: -2.6760
2025-09-26 18:56:24,545 - INFO - Step 1288192 - Actor Loss: -0.0040, Critic Loss: 0.0000, Entropy: -2.6405
2025-09-26 18:56:25,523 - INFO - Step 1290240 - Actor Loss: -0.0001, Critic Loss: 0.0000, Entropy: -2.6845
2025-09-26 18:56:26,373 - INFO - Step 1292288 - Actor Loss: -0.0012, Critic Loss: 0.0000, Entropy: -2.6536
2025-09-26 18:56:27,292 - INFO - Step 1294336 - Actor Loss: -0.0002, Critic Loss: 0.0000, Entropy: -2.6903
2025-09-26 18:56:28,170 - INFO - Step 1296384 - Actor Loss: -0.0011, Critic Loss: 0.0000, Entropy: -2.6539
2025-09-26 18:56:29,123 - INFO - Step 1298432 - Actor Loss: -0.0002, Critic Loss: 0.0040, Entropy: -2.6895
2025-09-26 18:56:30,006 - INFO - Step 1300480 - Actor Loss: -0.0010, Critic Loss: 0.0000, Entropy: -2.6450
2025-09-26 18:56:30,960 - INFO - Step 1302528 - Actor Loss: -0.0001, Critic Loss: 0.0000, Entropy: -2.6754
2025-09-26 18:56:31,844 - INFO - Step 1304576 - Actor Loss: -0.0010, Critic Loss: 0.0000, Entropy: -2.6465
2025-09-26 18:56:32,849 - INFO - Step 1306624 - Actor Loss: -0.0001, Critic Loss: 0.0000, Entropy: -2.6920
2025-09-26 18:56:33,733 - INFO - Step 1308672 - Actor Loss: -0.0010, Critic Loss: 0.0000, Entropy: -2.6597
2025-09-26 18:56:34,655 - INFO - Step 1310720 - Actor Loss: -0.0002, Critic Loss: 0.0000, Entropy: -2.6748
2025-09-26 18:56:35,517 - INFO - Step 1312768 - Actor Loss: -0.0008, Critic Loss: 0.0000, Entropy: -2.6726
2025-09-26 18:56:36,436 - INFO - Step 1314816 - Actor Loss: -0.0003, Critic Loss: 0.0000, Entropy: -2.6458
2025-09-26 18:56:37,345 - INFO - Step 1316864 - Actor Loss: -0.0008, Critic Loss: 0.0011, Entropy: -2.6511
2025-09-26 18:56:38,327 - INFO - Step 1318912 - Actor Loss: -0.0007, Critic Loss: 0.0000, Entropy: -2.6741
2025-09-26 18:56:39,219 - INFO - Step 1320960 - Actor Loss: -0.0004, Critic Loss: 0.0000, Entropy: -2.6730
2025-09-26 18:56:40,249 - INFO - Step 1323008 - Actor Loss: -0.0001, Critic Loss: 0.0000, Entropy: -2.6576
2025-09-26 18:56:40,649 - INFO - Episode 330/1000 - Avg Reward: 0.16, Avg Length: 4000.0, Last Reward: 0.00
2025-09-26 18:56:41,135 - INFO - Step 1325056 - Actor Loss: -0.0003, Critic Loss: 0.0000, Entropy: -2.6809
2025-09-26 18:56:42,126 - INFO - Step 1327104 - Actor Loss: -0.0003, Critic Loss: 0.0000, Entropy: -2.6924
2025-09-26 18:56:43,070 - INFO - Step 1329152 - Actor Loss: -0.0004, Critic Loss: 0.0000, Entropy: -2.6707
2025-09-26 18:56:44,051 - INFO - Step 1331200 - Actor Loss: -0.0003, Critic Loss: 0.0040, Entropy: -2.6886
2025-09-26 18:56:45,000 - INFO - Step 1333248 - Actor Loss: -0.0007, Critic Loss: 0.0000, Entropy: -2.6627
2025-09-26 18:56:45,985 - INFO - Step 1335296 - Actor Loss: -0.0004, Critic Loss: 0.0000, Entropy: -2.6765
2025-09-26 18:56:46,950 - INFO - Step 1337344 - Actor Loss: -0.0037, Critic Loss: 0.0000, Entropy: -2.6857
2025-09-26 18:56:47,995 - INFO - Step 1339392 - Actor Loss: -0.0008, Critic Loss: 0.0000, Entropy: -2.6719
2025-09-26 18:56:48,956 - INFO - Step 1341440 - Actor Loss: -0.0013, Critic Loss: 0.0000, Entropy: -2.6823
2025-09-26 18:56:49,953 - INFO - Step 1343488 - Actor Loss: -0.0007, Critic Loss: 0.0000, Entropy: -2.6945
2025-09-26 18:56:50,928 - INFO - Step 1345536 - Actor Loss: -0.0009, Critic Loss: 0.0000, Entropy: -2.6818
2025-09-26 18:56:51,919 - INFO - Step 1347584 - Actor Loss: -0.0005, Critic Loss: 0.0000, Entropy: -2.6912
2025-09-26 18:56:52,889 - INFO - Step 1349632 - Actor Loss: -0.0003, Critic Loss: 0.0000, Entropy: -2.6782
2025-09-26 18:56:53,888 - INFO - Step 1351680 - Actor Loss: -0.0003, Critic Loss: 0.0039, Entropy: -2.6881
2025-09-26 18:56:54,866 - INFO - Step 1353728 - Actor Loss: -0.0002, Critic Loss: 0.0000, Entropy: -2.6815
2025-09-26 18:56:55,871 - INFO - Step 1355776 - Actor Loss: -0.0010, Critic Loss: 0.0000, Entropy: -2.6849
2025-09-26 18:56:56,896 - INFO - Step 1357824 - Actor Loss: -0.0039, Critic Loss: 0.0000, Entropy: -2.6755
2025-09-26 18:56:57,843 - INFO - Step 1359872 - Actor Loss: -0.0070, Critic Loss: 0.0000, Entropy: -2.6817
2025-09-26 18:56:58,798 - INFO - Step 1361920 - Actor Loss: -0.0060, Critic Loss: 0.0000, Entropy: -2.6722
2025-09-26 18:56:59,783 - INFO - Step 1363968 - Actor Loss: -0.0088, Critic Loss: 0.0000, Entropy: -2.6895
2025-09-26 18:56:59,797 - INFO - Episode 340/1000 - Avg Reward: 0.18, Avg Length: 4000.0, Last Reward: 0.00
2025-09-26 18:57:00,723 - INFO - Step 1366016 - Actor Loss: -0.0028, Critic Loss: 0.0000, Entropy: -2.6727
2025-09-26 18:57:01,595 - INFO - Step 1368064 - Actor Loss: -0.0105, Critic Loss: 0.0000, Entropy: -2.4885
2025-09-26 18:57:02,563 - INFO - Step 1370112 - Actor Loss: -0.0013, Critic Loss: 0.0000, Entropy: -2.6130
2025-09-26 18:57:03,397 - INFO - Step 1372160 - Actor Loss: -0.0067, Critic Loss: 0.0000, Entropy: -2.5086
2025-09-26 18:57:04,309 - INFO - Step 1374208 - Actor Loss: -0.0009, Critic Loss: 0.0000, Entropy: -2.5878
2025-09-26 18:57:05,141 - INFO - Step 1376256 - Actor Loss: -0.0039, Critic Loss: 0.0000, Entropy: -2.5398
2025-09-26 18:57:06,046 - INFO - Step 1378304 - Actor Loss: -0.0001, Critic Loss: 0.0041, Entropy: -2.5415
2025-09-26 18:57:06,876 - INFO - Step 1380352 - Actor Loss: -0.0033, Critic Loss: 0.0000, Entropy: -2.5345
2025-09-26 18:57:07,783 - INFO - Step 1382400 - Actor Loss: 0.0005, Critic Loss: 0.0000, Entropy: -2.5004
2025-09-26 18:57:08,659 - INFO - Step 1384448 - Actor Loss: -0.0011, Critic Loss: 0.0000, Entropy: -2.4998
2025-09-26 18:57:09,634 - INFO - Step 1386496 - Actor Loss: -0.0007, Critic Loss: 0.0000, Entropy: -2.5162
2025-09-26 18:57:10,506 - INFO - Step 1388544 - Actor Loss: -0.0019, Critic Loss: 0.0000, Entropy: -2.4997
2025-09-26 18:57:11,446 - INFO - Step 1390592 - Actor Loss: -0.0003, Critic Loss: 0.0000, Entropy: -2.5419
2025-09-26 18:57:12,313 - INFO - Step 1392640 - Actor Loss: -0.0003, Critic Loss: 0.0000, Entropy: -2.5421
2025-09-26 18:57:13,231 - INFO - Step 1394688 - Actor Loss: -0.0007, Critic Loss: 0.0000, Entropy: -2.5780
2025-09-26 18:57:14,085 - INFO - Step 1396736 - Actor Loss: -0.0002, Critic Loss: 0.0000, Entropy: -2.5705
2025-09-26 18:57:15,005 - INFO - Step 1398784 - Actor Loss: -0.0005, Critic Loss: 0.0000, Entropy: -2.5961
2025-09-26 18:57:15,895 - INFO - Step 1400832 - Actor Loss: -0.0005, Critic Loss: 0.0000, Entropy: -2.5698
2025-09-26 18:57:16,871 - INFO - Step 1402880 - Actor Loss: -0.0002, Critic Loss: 0.0040, Entropy: -2.5797
2025-09-26 18:57:17,320 - INFO - Episode 350/1000 - Avg Reward: 0.20, Avg Length: 4000.0, Last Reward: 1.00
2025-09-26 18:57:17,322 - INFO - Checkpoint saved: /home/andres2020/Dev/RL-FL-Research/neatfa-tameem/argos/../logs/ppo_cpfa_20250926_184651/ppo_cpfa_episode_350.pt
2025-09-26 18:57:17,755 - INFO - Step 1404928 - Actor Loss: -0.0005, Critic Loss: 0.0000, Entropy: -2.5675
2025-09-26 18:57:18,701 - INFO - Step 1406976 - Actor Loss: -0.0005, Critic Loss: 0.0000, Entropy: -2.5450
2025-09-26 18:57:19,621 - INFO - Step 1409024 - Actor Loss: -0.0010, Critic Loss: 0.0000, Entropy: -2.5638
2025-09-26 18:57:20,579 - INFO - Step 1411072 - Actor Loss: -0.0007, Critic Loss: 0.0000, Entropy: -2.5516
2025-09-26 18:57:21,492 - INFO - Step 1413120 - Actor Loss: -0.0002, Critic Loss: 0.0000, Entropy: -2.5550
2025-09-26 18:57:22,455 - INFO - Step 1415168 - Actor Loss: -0.0006, Critic Loss: 0.0000, Entropy: -2.5449
2025-09-26 18:57:23,447 - INFO - Step 1417216 - Actor Loss: -0.0005, Critic Loss: 0.0000, Entropy: -2.5868
2025-09-26 18:57:24,393 - INFO - Step 1419264 - Actor Loss: -0.0007, Critic Loss: 0.0000, Entropy: -2.5708
2025-09-26 18:57:25,298 - INFO - Step 1421312 - Actor Loss: -0.0004, Critic Loss: 0.0000, Entropy: -2.5867
2025-09-26 18:57:26,263 - INFO - Step 1423360 - Actor Loss: -0.0005, Critic Loss: 0.0000, Entropy: -2.5727
2025-09-26 18:57:27,213 - INFO - Step 1425408 - Actor Loss: -0.0002, Critic Loss: 0.0000, Entropy: -2.5819
2025-09-26 18:57:28,188 - INFO - Step 1427456 - Actor Loss: -0.0004, Critic Loss: 0.0000, Entropy: -2.5943
2025-09-26 18:57:29,138 - INFO - Step 1429504 - Actor Loss: -0.0007, Critic Loss: 0.0000, Entropy: -2.5895
2025-09-26 18:57:30,099 - INFO - Step 1431552 - Actor Loss: -0.0008, Critic Loss: 0.0000, Entropy: -2.5933
2025-09-26 18:57:31,073 - INFO - Step 1433600 - Actor Loss: -0.0008, Critic Loss: 0.0000, Entropy: -2.6221
2025-09-26 18:57:31,987 - INFO - Step 1435648 - Actor Loss: -0.0006, Critic Loss: 0.0000, Entropy: -2.6310
2025-09-26 18:57:32,879 - INFO - Step 1437696 - Actor Loss: -0.0007, Critic Loss: 0.0000, Entropy: -2.6437
2025-09-26 18:57:33,789 - INFO - Step 1439744 - Actor Loss: -0.0005, Critic Loss: 0.0000, Entropy: -2.6433
2025-09-26 18:57:34,690 - INFO - Step 1441792 - Actor Loss: -0.0011, Critic Loss: 0.0000, Entropy: -2.6618
2025-09-26 18:57:35,651 - INFO - Step 1443840 - Actor Loss: -0.0020, Critic Loss: 0.0000, Entropy: -2.6842
2025-09-26 18:57:35,727 - INFO - Episode 360/1000 - Avg Reward: 0.20, Avg Length: 4000.0, Last Reward: 0.00
2025-09-26 18:57:36,593 - INFO - Step 1445888 - Actor Loss: -0.0004, Critic Loss: 0.0000, Entropy: -2.6631
2025-09-26 18:57:37,560 - INFO - Step 1447936 - Actor Loss: -0.0003, Critic Loss: 0.0000, Entropy: -2.6795
2025-09-26 18:57:38,475 - INFO - Step 1449984 - Actor Loss: -0.0007, Critic Loss: 0.0000, Entropy: -2.6928
2025-09-26 18:57:39,309 - INFO - Step 1452032 - Actor Loss: -0.0111, Critic Loss: 0.0000, Entropy: -2.4905
2025-09-26 18:57:40,225 - INFO - Step 1454080 - Actor Loss: -0.0004, Critic Loss: 0.0000, Entropy: -2.6908
2025-09-26 18:57:41,055 - INFO - Step 1456128 - Actor Loss: -0.0019, Critic Loss: 0.0000, Entropy: -2.5710
2025-09-26 18:57:41,967 - INFO - Step 1458176 - Actor Loss: -0.0004, Critic Loss: 0.0040, Entropy: -2.6980
2025-09-26 18:57:42,802 - INFO - Step 1460224 - Actor Loss: -0.0005, Critic Loss: 0.0000, Entropy: -2.6017
2025-09-26 18:57:43,766 - INFO - Step 1462272 - Actor Loss: -0.0003, Critic Loss: 0.0000, Entropy: -2.6791
2025-09-26 18:57:44,608 - INFO - Step 1464320 - Actor Loss: -0.0019, Critic Loss: 0.0000, Entropy: -2.6605
2025-09-26 18:57:45,522 - INFO - Step 1466368 - Actor Loss: -0.0001, Critic Loss: 0.0040, Entropy: -2.6991
2025-09-26 18:57:46,368 - INFO - Step 1468416 - Actor Loss: -0.0021, Critic Loss: 0.0000, Entropy: -2.6389
2025-09-26 18:57:47,287 - INFO - Step 1470464 - Actor Loss: -0.0011, Critic Loss: 0.0000, Entropy: -2.6929
2025-09-26 18:57:48,138 - INFO - Step 1472512 - Actor Loss: -0.0033, Critic Loss: 0.0000, Entropy: -2.6592
2025-09-26 18:57:49,109 - INFO - Step 1474560 - Actor Loss: -0.0025, Critic Loss: 0.0000, Entropy: -2.6942
2025-09-26 18:57:49,967 - INFO - Step 1476608 - Actor Loss: -0.0060, Critic Loss: 0.0000, Entropy: -2.6653
2025-09-26 18:57:50,892 - INFO - Step 1478656 - Actor Loss: -0.0038, Critic Loss: 0.0000, Entropy: -2.6886
2025-09-26 18:57:51,763 - INFO - Step 1480704 - Actor Loss: -0.0019, Critic Loss: 0.0000, Entropy: -2.6313
2025-09-26 18:57:52,686 - INFO - Step 1482752 - Actor Loss: -0.0013, Critic Loss: 0.0000, Entropy: -2.6350
2025-09-26 18:57:53,185 - INFO - Episode 370/1000 - Avg Reward: 0.21, Avg Length: 4000.0, Last Reward: 1.00
2025-09-26 18:57:53,551 - INFO - Step 1484800 - Actor Loss: -0.0011, Critic Loss: 0.0000, Entropy: -2.6257
2025-09-26 18:57:54,467 - INFO - Step 1486848 - Actor Loss: -0.0001, Critic Loss: 0.0000, Entropy: -2.6098
2025-09-26 18:57:55,333 - INFO - Step 1488896 - Actor Loss: -0.0007, Critic Loss: 0.0000, Entropy: -2.5831
2025-09-26 18:57:56,303 - INFO - Step 1490944 - Actor Loss: -0.0004, Critic Loss: 0.0000, Entropy: -2.5971
2025-09-26 18:57:57,177 - INFO - Step 1492992 - Actor Loss: -0.0003, Critic Loss: 0.0000, Entropy: -2.5943
2025-09-26 18:57:58,093 - INFO - Step 1495040 - Actor Loss: -0.0003, Critic Loss: 0.0000, Entropy: -2.5972
2025-09-26 18:57:58,966 - INFO - Step 1497088 - Actor Loss: -0.0007, Critic Loss: 0.0000, Entropy: -2.6062
2025-09-26 18:57:59,917 - INFO - Step 1499136 - Actor Loss: -0.0005, Critic Loss: 0.0000, Entropy: -2.6120
2025-09-26 18:58:00,796 - INFO - Step 1501184 - Actor Loss: -0.0007, Critic Loss: 0.0000, Entropy: -2.6187
2025-09-26 18:58:01,711 - INFO - Step 1503232 - Actor Loss: -0.0006, Critic Loss: 0.0000, Entropy: -2.6181
2025-09-26 18:58:02,592 - INFO - Step 1505280 - Actor Loss: -0.0008, Critic Loss: 0.0064, Entropy: -2.6237
2025-09-26 18:58:03,506 - INFO - Step 1507328 - Actor Loss: -0.0006, Critic Loss: 0.0000, Entropy: -2.6651
2025-09-26 18:58:04,444 - INFO - Step 1509376 - Actor Loss: -0.0004, Critic Loss: 0.0000, Entropy: -2.6458
2025-09-26 18:58:05,358 - INFO - Step 1511424 - Actor Loss: -0.0003, Critic Loss: 0.0000, Entropy: -2.6448
2025-09-26 18:58:06,248 - INFO - Step 1513472 - Actor Loss: -0.0005, Critic Loss: 0.0000, Entropy: -2.6419
2025-09-26 18:58:07,164 - INFO - Step 1515520 - Actor Loss: -0.0008, Critic Loss: 0.0000, Entropy: -2.6460
2025-09-26 18:58:08,058 - INFO - Step 1517568 - Actor Loss: -0.0007, Critic Loss: 0.0000, Entropy: -2.6746
2025-09-26 18:58:08,969 - INFO - Step 1519616 - Actor Loss: -0.0008, Critic Loss: 0.0000, Entropy: -2.6453
2025-09-26 18:58:09,866 - INFO - Step 1521664 - Actor Loss: -0.0018, Critic Loss: 0.0000, Entropy: -2.6519
2025-09-26 18:58:10,831 - INFO - Step 1523712 - Actor Loss: -0.0008, Critic Loss: 0.0000, Entropy: -2.6941
2025-09-26 18:58:10,948 - INFO - Episode 380/1000 - Avg Reward: 0.20, Avg Length: 4000.0, Last Reward: 0.00
2025-09-26 18:58:11,736 - INFO - Step 1525760 - Actor Loss: -0.0018, Critic Loss: 0.0000, Entropy: -2.6738
2025-09-26 18:58:12,653 - INFO - Step 1527808 - Actor Loss: -0.0006, Critic Loss: 0.0000, Entropy: -2.6790
2025-09-26 18:58:13,566 - INFO - Step 1529856 - Actor Loss: -0.0014, Critic Loss: 0.0000, Entropy: -2.6744
2025-09-26 18:58:14,487 - INFO - Step 1531904 - Actor Loss: -0.0008, Critic Loss: 0.0000, Entropy: -2.6542
2025-09-26 18:58:15,398 - INFO - Step 1533952 - Actor Loss: -0.0019, Critic Loss: 0.0000, Entropy: -2.6630
2025-09-26 18:58:16,373 - INFO - Step 1536000 - Actor Loss: -0.0013, Critic Loss: 0.0000, Entropy: -2.6448
2025-09-26 18:58:17,289 - INFO - Step 1538048 - Actor Loss: -0.0017, Critic Loss: 0.0000, Entropy: -2.6232
2025-09-26 18:58:18,122 - INFO - Step 1540096 - Actor Loss: -0.0086, Critic Loss: 0.0000, Entropy: -2.5327
2025-09-26 18:58:19,034 - INFO - Step 1542144 - Actor Loss: -0.0019, Critic Loss: 0.0000, Entropy: -2.6035
2025-09-26 18:58:19,869 - INFO - Step 1544192 - Actor Loss: -0.0086, Critic Loss: 0.0000, Entropy: -2.5307
2025-09-26 18:58:20,780 - INFO - Step 1546240 - Actor Loss: -0.0054, Critic Loss: 0.0000, Entropy: -2.5993
2025-09-26 18:58:21,621 - INFO - Step 1548288 - Actor Loss: -0.0087, Critic Loss: 0.0000, Entropy: -2.5793
2025-09-26 18:58:22,589 - INFO - Step 1550336 - Actor Loss: -0.0014, Critic Loss: 0.0000, Entropy: -2.5869
2025-09-26 18:58:23,435 - INFO - Step 1552384 - Actor Loss: -0.0002, Critic Loss: 0.0000, Entropy: -2.5971
2025-09-26 18:58:24,347 - INFO - Step 1554432 - Actor Loss: -0.0000, Critic Loss: 0.0000, Entropy: -2.5975
2025-09-26 18:58:25,193 - INFO - Step 1556480 - Actor Loss: -0.0011, Critic Loss: 0.0000, Entropy: -2.6010
2025-09-26 18:58:26,105 - INFO - Step 1558528 - Actor Loss: -0.0002, Critic Loss: 0.0000, Entropy: -2.6001
2025-09-26 18:58:26,955 - INFO - Step 1560576 - Actor Loss: -0.0010, Critic Loss: 0.0000, Entropy: -2.6016
2025-09-26 18:58:27,872 - INFO - Step 1562624 - Actor Loss: -0.0025, Critic Loss: 0.0000, Entropy: -2.6014
2025-09-26 18:58:28,418 - INFO - Episode 390/1000 - Avg Reward: 0.20, Avg Length: 4000.0, Last Reward: 0.00
2025-09-26 18:58:28,724 - INFO - Step 1564672 - Actor Loss: -0.0069, Critic Loss: 0.0000, Entropy: -2.5992
2025-09-26 18:58:29,635 - INFO - Step 1566720 - Actor Loss: -0.0035, Critic Loss: 0.0000, Entropy: -2.6124
2025-09-26 18:58:30,492 - INFO - Step 1568768 - Actor Loss: -0.0052, Critic Loss: 0.0000, Entropy: -2.5983
2025-09-26 18:58:31,460 - INFO - Step 1570816 - Actor Loss: -0.0014, Critic Loss: 0.0000, Entropy: -2.6360
2025-09-26 18:58:32,326 - INFO - Step 1572864 - Actor Loss: -0.0001, Critic Loss: 0.0000, Entropy: -2.6492
2025-09-26 18:58:33,244 - INFO - Step 1574912 - Actor Loss: -0.0017, Critic Loss: 0.0000, Entropy: -2.6748
2025-09-26 18:58:34,115 - INFO - Step 1576960 - Actor Loss: -0.0012, Critic Loss: 0.0000, Entropy: -2.6592
2025-09-26 18:58:35,026 - INFO - Step 1579008 - Actor Loss: 0.0001, Critic Loss: 0.0000, Entropy: -2.6678
2025-09-26 18:58:35,897 - INFO - Step 1581056 - Actor Loss: -0.0026, Critic Loss: 0.0000, Entropy: -2.6581
2025-09-26 18:58:36,815 - INFO - Step 1583104 - Actor Loss: -0.0049, Critic Loss: 0.0000, Entropy: -2.6618
2025-09-26 18:58:37,747 - INFO - Step 1585152 - Actor Loss: -0.0055, Critic Loss: 0.0000, Entropy: -2.6500
2025-09-26 18:58:38,662 - INFO - Step 1587200 - Actor Loss: 0.0004, Critic Loss: 0.0040, Entropy: -2.6662
2025-09-26 18:58:39,542 - INFO - Step 1589248 - Actor Loss: -0.0001, Critic Loss: 0.0066, Entropy: -2.6265
2025-09-26 18:58:40,453 - INFO - Step 1591296 - Actor Loss: -0.0009, Critic Loss: 0.0000, Entropy: -2.6325
2025-09-26 18:58:41,334 - INFO - Step 1593344 - Actor Loss: -0.0013, Critic Loss: 0.0000, Entropy: -2.6347
2025-09-26 18:58:42,251 - INFO - Step 1595392 - Actor Loss: -0.0016, Critic Loss: 0.0000, Entropy: -2.6330
2025-09-26 18:58:43,138 - INFO - Step 1597440 - Actor Loss: -0.0015, Critic Loss: 0.0000, Entropy: -2.6351
2025-09-26 18:58:44,054 - INFO - Step 1599488 - Actor Loss: -0.0014, Critic Loss: 0.0000, Entropy: -2.6470
2025-09-26 18:58:44,996 - INFO - Step 1601536 - Actor Loss: -0.0016, Critic Loss: 0.0000, Entropy: -2.6776
2025-09-26 18:58:45,912 - INFO - Step 1603584 - Actor Loss: -0.0001, Critic Loss: 0.0040, Entropy: -2.6780
2025-09-26 18:58:46,078 - INFO - Episode 400/1000 - Avg Reward: 0.16, Avg Length: 4000.0, Last Reward: 1.00
2025-09-26 18:58:46,080 - INFO - Checkpoint saved: /home/andres2020/Dev/RL-FL-Research/neatfa-tameem/argos/../logs/ppo_cpfa_20250926_184651/ppo_cpfa_episode_400.pt
2025-09-26 18:58:46,809 - INFO - Step 1605632 - Actor Loss: -0.0009, Critic Loss: 0.0000, Entropy: -2.6603
2025-09-26 18:58:47,723 - INFO - Step 1607680 - Actor Loss: -0.0006, Critic Loss: 0.0000, Entropy: -2.6699
2025-09-26 18:58:48,621 - INFO - Step 1609728 - Actor Loss: -0.0049, Critic Loss: 0.0000, Entropy: -2.6764
2025-09-26 18:58:49,538 - INFO - Step 1611776 - Actor Loss: -0.0035, Critic Loss: 0.0000, Entropy: -2.6646
2025-09-26 18:58:50,440 - INFO - Step 1613824 - Actor Loss: -0.0022, Critic Loss: 0.0000, Entropy: -2.6476
2025-09-26 18:58:51,411 - INFO - Step 1615872 - Actor Loss: -0.0012, Critic Loss: 0.0000, Entropy: -2.6743
2025-09-26 18:58:52,318 - INFO - Step 1617920 - Actor Loss: -0.0031, Critic Loss: 0.0000, Entropy: -2.6445
2025-09-26 18:58:53,235 - INFO - Step 1619968 - Actor Loss: -0.0008, Critic Loss: 0.0000, Entropy: -2.6701
2025-09-26 18:58:54,143 - INFO - Step 1622016 - Actor Loss: -0.0053, Critic Loss: 0.0000, Entropy: -2.6861
2025-09-26 18:58:54,967 - INFO - Step 1624064 - Actor Loss: -0.0120, Critic Loss: 0.0000, Entropy: -2.3064
2025-09-26 18:58:55,875 - INFO - Step 1626112 - Actor Loss: -0.0025, Critic Loss: 0.0000, Entropy: -2.6835
2025-09-26 18:58:56,706 - INFO - Step 1628160 - Actor Loss: -0.0038, Critic Loss: 0.0000, Entropy: -2.5881
2025-09-26 18:58:57,671 - INFO - Step 1630208 - Actor Loss: -0.0014, Critic Loss: 0.0000, Entropy: -2.6820
2025-09-26 18:58:58,506 - INFO - Step 1632256 - Actor Loss: -0.0030, Critic Loss: 0.0000, Entropy: -2.5877
2025-09-26 18:58:59,418 - INFO - Step 1634304 - Actor Loss: -0.0022, Critic Loss: 0.0000, Entropy: -2.6854
2025-09-26 18:59:00,260 - INFO - Step 1636352 - Actor Loss: -0.0015, Critic Loss: 0.0000, Entropy: -2.6123
2025-09-26 18:59:01,170 - INFO - Step 1638400 - Actor Loss: -0.0019, Critic Loss: 0.0000, Entropy: -2.6830
2025-09-26 18:59:02,011 - INFO - Step 1640448 - Actor Loss: -0.0042, Critic Loss: 0.0000, Entropy: -2.6659
2025-09-26 18:59:02,918 - INFO - Step 1642496 - Actor Loss: -0.0007, Critic Loss: 0.0040, Entropy: -2.6787
2025-09-26 18:59:03,566 - INFO - Episode 410/1000 - Avg Reward: 0.15, Avg Length: 4000.0, Last Reward: 1.00
2025-09-26 18:59:03,817 - INFO - Step 1644544 - Actor Loss: -0.0068, Critic Loss: 0.0000, Entropy: -2.6650
2025-09-26 18:59:04,728 - INFO - Step 1646592 - Actor Loss: 0.0012, Critic Loss: 0.0000, Entropy: -2.6758
2025-09-26 18:59:05,579 - INFO - Step 1648640 - Actor Loss: -0.0076, Critic Loss: 0.0000, Entropy: -2.6535
2025-09-26 18:59:06,488 - INFO - Step 1650688 - Actor Loss: 0.0000, Critic Loss: 0.0040, Entropy: -2.6740
2025-09-26 18:59:07,339 - INFO - Step 1652736 - Actor Loss: -0.0047, Critic Loss: 0.0000, Entropy: -2.6472
2025-09-26 18:59:08,252 - INFO - Step 1654784 - Actor Loss: 0.0007, Critic Loss: 0.0000, Entropy: -2.6752
2025-09-26 18:59:09,120 - INFO - Step 1656832 - Actor Loss: -0.0025, Critic Loss: 0.0000, Entropy: -2.6592
2025-09-26 18:59:10,032 - INFO - Step 1658880 - Actor Loss: -0.0020, Critic Loss: 0.0000, Entropy: -2.6718
2025-09-26 18:59:10,895 - INFO - Step 1660928 - Actor Loss: -0.0101, Critic Loss: 0.0000, Entropy: -2.6482
2025-09-26 18:59:11,871 - INFO - Step 1662976 - Actor Loss: -0.0101, Critic Loss: 0.0000, Entropy: -2.6579
2025-09-26 18:59:12,737 - INFO - Step 1665024 - Actor Loss: 0.0008, Critic Loss: 0.0080, Entropy: -2.6402
2025-09-26 18:59:13,645 - INFO - Step 1667072 - Actor Loss: -0.0029, Critic Loss: 0.0000, Entropy: -2.6654
2025-09-26 18:59:14,511 - INFO - Step 1669120 - Actor Loss: -0.0133, Critic Loss: 0.0000, Entropy: -2.6397
2025-09-26 18:59:15,416 - INFO - Step 1671168 - Actor Loss: -0.0141, Critic Loss: 0.0000, Entropy: -2.6522
2025-09-26 18:59:16,289 - INFO - Step 1673216 - Actor Loss: -0.0175, Critic Loss: 0.0000, Entropy: -2.6341
2025-09-26 18:59:17,200 - INFO - Step 1675264 - Actor Loss: -0.0146, Critic Loss: 0.0000, Entropy: -2.6575
2025-09-26 18:59:18,077 - INFO - Step 1677312 - Actor Loss: -0.0166, Critic Loss: 0.0000, Entropy: -2.6409
2025-09-26 18:59:18,998 - INFO - Step 1679360 - Actor Loss: -0.0165, Critic Loss: 0.0000, Entropy: -2.6603
2025-09-26 18:59:19,964 - INFO - Step 1681408 - Actor Loss: -0.0106, Critic Loss: 0.0000, Entropy: -2.6387
2025-09-26 18:59:20,885 - INFO - Step 1683456 - Actor Loss: -0.0106, Critic Loss: 0.0000, Entropy: -2.6870
2025-09-26 18:59:21,103 - INFO - Episode 420/1000 - Avg Reward: 0.16, Avg Length: 4000.0, Last Reward: 0.00
2025-09-26 18:59:21,774 - INFO - Step 1685504 - Actor Loss: -0.0071, Critic Loss: 0.0000, Entropy: -2.6521
2025-09-26 18:59:22,695 - INFO - Step 1687552 - Actor Loss: -0.0011, Critic Loss: 0.0000, Entropy: -2.6035
2025-09-26 18:59:23,589 - INFO - Step 1689600 - Actor Loss: -0.0003, Critic Loss: 0.0000, Entropy: -2.5321
2025-09-26 18:59:24,503 - INFO - Step 1691648 - Actor Loss: -0.0003, Critic Loss: 0.0000, Entropy: -2.4871
2025-09-26 18:59:25,401 - INFO - Step 1693696 - Actor Loss: -0.0013, Critic Loss: 0.0000, Entropy: -2.5279
2025-09-26 18:59:26,367 - INFO - Step 1695744 - Actor Loss: -0.0012, Critic Loss: 0.0000, Entropy: -2.4416
2025-09-26 18:59:27,269 - INFO - Step 1697792 - Actor Loss: -0.0003, Critic Loss: 0.0000, Entropy: -2.5021
2025-09-26 18:59:28,187 - INFO - Step 1699840 - Actor Loss: -0.0009, Critic Loss: 0.0000, Entropy: -2.5013
2025-09-26 18:59:29,093 - INFO - Step 1701888 - Actor Loss: -0.0012, Critic Loss: 0.0000, Entropy: -2.5973
2025-09-26 18:59:30,007 - INFO - Step 1703936 - Actor Loss: -0.0031, Critic Loss: 0.0000, Entropy: -2.6426
2025-09-26 18:59:30,921 - INFO - Step 1705984 - Actor Loss: -0.0058, Critic Loss: 0.0000, Entropy: -2.6059
2025-09-26 18:59:31,753 - INFO - Step 1708032 - Actor Loss: -0.0135, Critic Loss: 0.0000, Entropy: -1.6474
2025-09-26 18:59:32,726 - INFO - Step 1710080 - Actor Loss: -0.0116, Critic Loss: 0.0000, Entropy: -2.6738
2025-09-26 18:59:33,562 - INFO - Step 1712128 - Actor Loss: -0.0133, Critic Loss: 0.0000, Entropy: -2.3958
2025-09-26 18:59:34,483 - INFO - Step 1714176 - Actor Loss: -0.0026, Critic Loss: 0.0000, Entropy: -2.6793
2025-09-26 18:59:35,328 - INFO - Step 1716224 - Actor Loss: -0.0002, Critic Loss: 0.0000, Entropy: -2.5119
2025-09-26 18:59:36,246 - INFO - Step 1718272 - Actor Loss: -0.0016, Critic Loss: 0.0000, Entropy: -2.6757
2025-09-26 18:59:37,095 - INFO - Step 1720320 - Actor Loss: -0.0017, Critic Loss: 0.0000, Entropy: -2.5577
2025-09-26 18:59:38,014 - INFO - Step 1722368 - Actor Loss: -0.0028, Critic Loss: 0.0000, Entropy: -2.6749
2025-09-26 18:59:38,666 - INFO - Episode 430/1000 - Avg Reward: 0.14, Avg Length: 4000.0, Last Reward: 0.00
2025-09-26 18:59:38,861 - INFO - Step 1724416 - Actor Loss: -0.0020, Critic Loss: 0.0000, Entropy: -2.5962
2025-09-26 18:59:39,831 - INFO - Step 1726464 - Actor Loss: -0.0046, Critic Loss: 0.0000, Entropy: -2.6741
2025-09-26 18:59:40,679 - INFO - Step 1728512 - Actor Loss: -0.0019, Critic Loss: 0.0000, Entropy: -2.6164
2025-09-26 18:59:41,592 - INFO - Step 1730560 - Actor Loss: -0.0021, Critic Loss: 0.0040, Entropy: -2.6698
2025-09-26 18:59:42,442 - INFO - Step 1732608 - Actor Loss: -0.0103, Critic Loss: 0.0000, Entropy: -2.6267
2025-09-26 18:59:43,355 - INFO - Step 1734656 - Actor Loss: -0.0130, Critic Loss: 0.0000, Entropy: -2.6680
2025-09-26 18:59:44,213 - INFO - Step 1736704 - Actor Loss: -0.0169, Critic Loss: 0.0000, Entropy: -2.6289
2025-09-26 18:59:45,122 - INFO - Step 1738752 - Actor Loss: -0.0057, Critic Loss: 0.0040, Entropy: -2.6553
2025-09-26 18:59:46,030 - INFO - Step 1740800 - Actor Loss: -0.0140, Critic Loss: 0.0000, Entropy: -2.6323
2025-09-26 18:59:46,940 - INFO - Step 1742848 - Actor Loss: 0.0013, Critic Loss: 0.0000, Entropy: -2.6608
2025-09-26 18:59:47,804 - INFO - Step 1744896 - Actor Loss: 0.0007, Critic Loss: 0.0000, Entropy: -2.6490
2025-09-26 18:59:48,712 - INFO - Step 1746944 - Actor Loss: -0.0001, Critic Loss: 0.0000, Entropy: -2.6645
2025-09-26 18:59:49,576 - INFO - Step 1748992 - Actor Loss: -0.0006, Critic Loss: 0.0000, Entropy: -2.6526
2025-09-26 18:59:50,487 - INFO - Step 1751040 - Actor Loss: -0.0007, Critic Loss: 0.0000, Entropy: -2.6652
2025-09-26 18:59:51,356 - INFO - Step 1753088 - Actor Loss: -0.0012, Critic Loss: 0.0000, Entropy: -2.6553
2025-09-26 18:59:52,317 - INFO - Step 1755136 - Actor Loss: -0.0004, Critic Loss: 0.0000, Entropy: -2.6735
2025-09-26 18:59:53,219 - INFO - Step 1757184 - Actor Loss: -0.0003, Critic Loss: 0.0000, Entropy: -2.6658
2025-09-26 18:59:54,186 - INFO - Step 1759232 - Actor Loss: -0.0006, Critic Loss: 0.0000, Entropy: -2.6733
2025-09-26 18:59:55,066 - INFO - Step 1761280 - Actor Loss: -0.0007, Critic Loss: 0.0000, Entropy: -2.6663
2025-09-26 18:59:55,980 - INFO - Step 1763328 - Actor Loss: -0.0024, Critic Loss: 0.0000, Entropy: -2.6795
2025-09-26 18:59:56,251 - INFO - Episode 440/1000 - Avg Reward: 0.14, Avg Length: 4000.0, Last Reward: 0.00
2025-09-26 18:59:56,865 - INFO - Step 1765376 - Actor Loss: -0.0009, Critic Loss: 0.0000, Entropy: -2.6776
2025-09-26 18:59:57,780 - INFO - Step 1767424 - Actor Loss: -0.0010, Critic Loss: 0.0000, Entropy: -2.6838
2025-09-26 18:59:58,670 - INFO - Step 1769472 - Actor Loss: -0.0007, Critic Loss: 0.0000, Entropy: -2.6762
2025-09-26 18:59:59,580 - INFO - Step 1771520 - Actor Loss: -0.0013, Critic Loss: 0.0000, Entropy: -2.6835
2025-09-26 19:00:00,471 - INFO - Step 1773568 - Actor Loss: 0.0003, Critic Loss: 0.0051, Entropy: -2.6683
2025-09-26 19:00:01,438 - INFO - Step 1775616 - Actor Loss: -0.0011, Critic Loss: 0.0000, Entropy: -2.6767
2025-09-26 19:00:02,338 - INFO - Step 1777664 - Actor Loss: 0.0003, Critic Loss: 0.0000, Entropy: -2.6721
2025-09-26 19:00:03,256 - INFO - Step 1779712 - Actor Loss: -0.0006, Critic Loss: 0.0000, Entropy: -2.6806
2025-09-26 19:00:04,164 - INFO - Step 1781760 - Actor Loss: -0.0013, Critic Loss: 0.0000, Entropy: -2.6751
2025-09-26 19:00:05,076 - INFO - Step 1783808 - Actor Loss: -0.0008, Critic Loss: 0.0000, Entropy: -2.6832
2025-09-26 19:00:05,979 - INFO - Step 1785856 - Actor Loss: -0.0002, Critic Loss: 0.0000, Entropy: -2.6714
2025-09-26 19:00:06,893 - INFO - Step 1787904 - Actor Loss: -0.0005, Critic Loss: 0.0000, Entropy: -2.6823
2025-09-26 19:00:07,863 - INFO - Step 1789952 - Actor Loss: -0.0023, Critic Loss: 0.0000, Entropy: -2.6775
2025-09-26 19:00:08,780 - INFO - Step 1792000 - Actor Loss: -0.0001, Critic Loss: 0.0000, Entropy: -2.6871
2025-09-26 19:00:09,727 - INFO - Step 1794048 - Actor Loss: -0.0009, Critic Loss: 0.0000, Entropy: -2.6770
2025-09-26 19:00:10,564 - INFO - Step 1796096 - Actor Loss: -0.0132, Critic Loss: 0.0000, Entropy: -2.4797
2025-09-26 19:00:11,473 - INFO - Step 1798144 - Actor Loss: 0.0014, Critic Loss: 0.0000, Entropy: -2.6787
2025-09-26 19:00:12,331 - INFO - Step 1800192 - Actor Loss: -0.0016, Critic Loss: 0.0000, Entropy: -2.5623
2025-09-26 19:00:13,250 - INFO - Step 1802240 - Actor Loss: -0.0025, Critic Loss: 0.0000, Entropy: -2.6872
2025-09-26 19:00:14,030 - INFO - Episode 450/1000 - Avg Reward: 0.13, Avg Length: 4000.0, Last Reward: 0.00
2025-09-26 19:00:14,032 - INFO - Checkpoint saved: /home/andres2020/Dev/RL-FL-Research/neatfa-tameem/argos/../logs/ppo_cpfa_20250926_184651/ppo_cpfa_episode_450.pt
2025-09-26 19:00:14,172 - INFO - Step 1804288 - Actor Loss: -0.0018, Critic Loss: 0.0000, Entropy: -2.6422
2025-09-26 19:00:15,103 - INFO - Step 1806336 - Actor Loss: 0.0006, Critic Loss: 0.0000, Entropy: -2.6863
2025-09-26 19:00:15,940 - INFO - Step 1808384 - Actor Loss: -0.0014, Critic Loss: 0.0000, Entropy: -2.6191
2025-09-26 19:00:16,852 - INFO - Step 1810432 - Actor Loss: -0.0006, Critic Loss: 0.0000, Entropy: -2.6843
2025-09-26 19:00:17,710 - INFO - Step 1812480 - Actor Loss: -0.0013, Critic Loss: 0.0000, Entropy: -2.6510
2025-09-26 19:00:18,647 - INFO - Step 1814528 - Actor Loss: -0.0023, Critic Loss: 0.0000, Entropy: -2.6803
2025-09-26 19:00:19,513 - INFO - Step 1816576 - Actor Loss: -0.0015, Critic Loss: 0.0000, Entropy: -2.6422
2025-09-26 19:00:20,487 - INFO - Step 1818624 - Actor Loss: -0.0061, Critic Loss: 0.0000, Entropy: -2.6874
2025-09-26 19:00:21,350 - INFO - Step 1820672 - Actor Loss: -0.0034, Critic Loss: 0.0000, Entropy: -2.6459
2025-09-26 19:00:22,269 - INFO - Step 1822720 - Actor Loss: -0.0024, Critic Loss: 0.0000, Entropy: -2.6852
2025-09-26 19:00:23,134 - INFO - Step 1824768 - Actor Loss: -0.0013, Critic Loss: 0.0000, Entropy: -2.6583
2025-09-26 19:00:24,050 - INFO - Step 1826816 - Actor Loss: 0.0007, Critic Loss: 0.0000, Entropy: -2.6791
2025-09-26 19:00:24,929 - INFO - Step 1828864 - Actor Loss: -0.0020, Critic Loss: 0.0000, Entropy: -2.6604
2025-09-26 19:00:25,866 - INFO - Step 1830912 - Actor Loss: 0.0002, Critic Loss: 0.0000, Entropy: -2.6826
2025-09-26 19:00:26,741 - INFO - Step 1832960 - Actor Loss: -0.0007, Critic Loss: 0.0000, Entropy: -2.6558
2025-09-26 19:00:27,663 - INFO - Step 1835008 - Actor Loss: -0.0003, Critic Loss: 0.0000, Entropy: -2.6835
2025-09-26 19:00:28,607 - INFO - Step 1837056 - Actor Loss: -0.0006, Critic Loss: 0.0000, Entropy: -2.6595
2025-09-26 19:00:29,530 - INFO - Step 1839104 - Actor Loss: -0.0006, Critic Loss: 0.0000, Entropy: -2.6856
2025-09-26 19:00:30,418 - INFO - Step 1841152 - Actor Loss: -0.0015, Critic Loss: 0.0000, Entropy: -2.6579
2025-09-26 19:00:31,352 - INFO - Step 1843200 - Actor Loss: 0.0003, Critic Loss: 0.0000, Entropy: -2.6885
2025-09-26 19:00:31,684 - INFO - Episode 460/1000 - Avg Reward: 0.13, Avg Length: 4000.0, Last Reward: 0.00
2025-09-26 19:00:32,258 - INFO - Step 1845248 - Actor Loss: -0.0004, Critic Loss: 0.0000, Entropy: -2.6657
2025-09-26 19:00:33,186 - INFO - Step 1847296 - Actor Loss: -0.0003, Critic Loss: 0.0000, Entropy: -2.6815
2025-09-26 19:00:34,085 - INFO - Step 1849344 - Actor Loss: -0.0026, Critic Loss: 0.0000, Entropy: -2.6624
2025-09-26 19:00:35,083 - INFO - Step 1851392 - Actor Loss: -0.0011, Critic Loss: 0.0000, Entropy: -2.6803
2025-09-26 19:00:35,998 - INFO - Step 1853440 - Actor Loss: 0.0001, Critic Loss: 0.0000, Entropy: -2.6615
2025-09-26 19:00:36,931 - INFO - Step 1855488 - Actor Loss: 0.0002, Critic Loss: 0.0000, Entropy: -2.6833
2025-09-26 19:00:37,840 - INFO - Step 1857536 - Actor Loss: -0.0010, Critic Loss: 0.0000, Entropy: -2.6641
2025-09-26 19:00:38,776 - INFO - Step 1859584 - Actor Loss: -0.0009, Critic Loss: 0.0000, Entropy: -2.6841
2025-09-26 19:00:39,679 - INFO - Step 1861632 - Actor Loss: -0.0016, Critic Loss: 0.0000, Entropy: -2.6636
2025-09-26 19:00:40,602 - INFO - Step 1863680 - Actor Loss: 0.0005, Critic Loss: 0.0000, Entropy: -2.6870
2025-09-26 19:00:41,521 - INFO - Step 1865728 - Actor Loss: -0.0004, Critic Loss: 0.0000, Entropy: -2.6678
2025-09-26 19:00:42,515 - INFO - Step 1867776 - Actor Loss: -0.0001, Critic Loss: 0.0000, Entropy: -2.6852
2025-09-26 19:00:43,428 - INFO - Step 1869824 - Actor Loss: -0.0004, Critic Loss: 0.0000, Entropy: -2.6724
2025-09-26 19:00:44,351 - INFO - Step 1871872 - Actor Loss: -0.0006, Critic Loss: 0.0000, Entropy: -2.6840
2025-09-26 19:00:45,273 - INFO - Step 1873920 - Actor Loss: -0.0004, Critic Loss: 0.0000, Entropy: -2.6739
2025-09-26 19:00:46,219 - INFO - Step 1875968 - Actor Loss: -0.0018, Critic Loss: 0.0000, Entropy: -2.6832
2025-09-26 19:00:47,157 - INFO - Step 1878016 - Actor Loss: -0.0027, Critic Loss: 0.0000, Entropy: -2.6683
2025-09-26 19:00:47,987 - INFO - Step 1880064 - Actor Loss: -0.0081, Critic Loss: 0.0000, Entropy: -2.2641
2025-09-26 19:00:48,980 - INFO - Step 1882112 - Actor Loss: 0.0013, Critic Loss: 0.0000, Entropy: -2.6789
2025-09-26 19:00:49,743 - INFO - Episode 470/1000 - Avg Reward: 0.10, Avg Length: 4000.0, Last Reward: 0.00
2025-09-26 19:00:49,832 - INFO - Step 1884160 - Actor Loss: -0.0066, Critic Loss: 0.0000, Entropy: -2.5346
2025-09-26 19:00:50,765 - INFO - Step 1886208 - Actor Loss: -0.0038, Critic Loss: 0.0000, Entropy: -2.6737
2025-09-26 19:00:51,624 - INFO - Step 1888256 - Actor Loss: -0.0014, Critic Loss: 0.0000, Entropy: -2.5470
2025-09-26 19:00:52,562 - INFO - Step 1890304 - Actor Loss: -0.0008, Critic Loss: 0.0000, Entropy: -2.6766
2025-09-26 19:00:53,420 - INFO - Step 1892352 - Actor Loss: -0.0031, Critic Loss: 0.0000, Entropy: -2.5955
2025-09-26 19:00:54,359 - INFO - Step 1894400 - Actor Loss: -0.0007, Critic Loss: 0.0000, Entropy: -2.6786
2025-09-26 19:00:55,235 - INFO - Step 1896448 - Actor Loss: -0.0011, Critic Loss: 0.0000, Entropy: -2.5793
2025-09-26 19:00:56,164 - INFO - Step 1898496 - Actor Loss: -0.0005, Critic Loss: 0.0000, Entropy: -2.6793
2025-09-26 19:00:57,098 - INFO - Step 1900544 - Actor Loss: -0.0031, Critic Loss: 0.0000, Entropy: -2.6127
2025-09-26 19:00:58,026 - INFO - Step 1902592 - Actor Loss: -0.0002, Critic Loss: 0.0000, Entropy: -2.6794
2025-09-26 19:00:58,902 - INFO - Step 1904640 - Actor Loss: -0.0008, Critic Loss: 0.0000, Entropy: -2.6180
2025-09-26 19:00:59,832 - INFO - Step 1906688 - Actor Loss: -0.0001, Critic Loss: 0.0000, Entropy: -2.6754
2025-09-26 19:01:00,749 - INFO - Step 1908736 - Actor Loss: -0.0013, Critic Loss: 0.0000, Entropy: -2.6309
2025-09-26 19:01:01,709 - INFO - Step 1910784 - Actor Loss: -0.0014, Critic Loss: 0.0000, Entropy: -2.6779
2025-09-26 19:01:02,605 - INFO - Step 1912832 - Actor Loss: -0.0044, Critic Loss: 0.0000, Entropy: -2.6354
2025-09-26 19:01:03,584 - INFO - Step 1914880 - Actor Loss: -0.0023, Critic Loss: 0.0000, Entropy: -2.6699
2025-09-26 19:01:04,508 - INFO - Step 1916928 - Actor Loss: 0.0002, Critic Loss: 0.0384, Entropy: -2.6297
2025-09-26 19:01:05,525 - INFO - Step 1918976 - Actor Loss: -0.0002, Critic Loss: 0.0004, Entropy: -2.6742
2025-09-26 19:01:06,445 - INFO - Step 1921024 - Actor Loss: -0.0035, Critic Loss: 0.0001, Entropy: -2.6421
2025-09-26 19:01:07,399 - INFO - Step 1923072 - Actor Loss: -0.0065, Critic Loss: 0.0000, Entropy: -2.6792
2025-09-26 19:01:07,790 - INFO - Episode 480/1000 - Avg Reward: 0.12, Avg Length: 4000.0, Last Reward: 0.00
2025-09-26 19:01:08,320 - INFO - Step 1925120 - Actor Loss: -0.0084, Critic Loss: 0.0000, Entropy: -2.6520
2025-09-26 19:01:09,297 - INFO - Step 1927168 - Actor Loss: -0.0137, Critic Loss: 0.0000, Entropy: -2.6790
2025-09-26 19:01:10,226 - INFO - Step 1929216 - Actor Loss: -0.0132, Critic Loss: 0.0000, Entropy: -2.6535
2025-09-26 19:01:11,218 - INFO - Step 1931264 - Actor Loss: -0.0097, Critic Loss: 0.0000, Entropy: -2.6741
2025-09-26 19:01:12,180 - INFO - Step 1933312 - Actor Loss: -0.0128, Critic Loss: 0.0000, Entropy: -2.6548
2025-09-26 19:01:13,195 - INFO - Step 1935360 - Actor Loss: -0.0111, Critic Loss: 0.0000, Entropy: -2.6708
2025-09-26 19:01:14,127 - INFO - Step 1937408 - Actor Loss: -0.0073, Critic Loss: 0.0000, Entropy: -2.6547
2025-09-26 19:01:15,097 - INFO - Step 1939456 - Actor Loss: -0.0091, Critic Loss: 0.0000, Entropy: -2.6684
2025-09-26 19:01:16,061 - INFO - Step 1941504 - Actor Loss: -0.0014, Critic Loss: 0.0000, Entropy: -2.6545
2025-09-26 19:01:17,047 - INFO - Step 1943552 - Actor Loss: -0.0025, Critic Loss: 0.0000, Entropy: -2.6655
2025-09-26 19:01:18,003 - INFO - Step 1945600 - Actor Loss: -0.0016, Critic Loss: 0.0000, Entropy: -2.6485
2025-09-26 19:01:19,045 - INFO - Step 1947648 - Actor Loss: -0.0012, Critic Loss: 0.0000, Entropy: -2.6546
2025-09-26 19:01:19,999 - INFO - Step 1949696 - Actor Loss: -0.0012, Critic Loss: 0.0000, Entropy: -2.6431
2025-09-26 19:01:20,985 - INFO - Step 1951744 - Actor Loss: -0.0000, Critic Loss: 0.0000, Entropy: -2.6510
2025-09-26 19:01:21,945 - INFO - Step 1953792 - Actor Loss: -0.0006, Critic Loss: 0.0000, Entropy: -2.6416
2025-09-26 19:01:22,918 - INFO - Step 1955840 - Actor Loss: -0.0009, Critic Loss: 0.0000, Entropy: -2.6471
2025-09-26 19:01:23,879 - INFO - Step 1957888 - Actor Loss: -0.0076, Critic Loss: 0.0000, Entropy: -2.6236
2025-09-26 19:01:24,864 - INFO - Step 1959936 - Actor Loss: -0.0041, Critic Loss: 0.0000, Entropy: -2.6319
2025-09-26 19:01:25,894 - INFO - Step 1961984 - Actor Loss: -0.0036, Critic Loss: 0.0000, Entropy: -2.6140
2025-09-26 19:01:26,765 - INFO - Episode 490/1000 - Avg Reward: 0.12, Avg Length: 4000.0, Last Reward: 0.00
2025-09-26 19:01:26,797 - INFO - Step 1964032 - Actor Loss: -0.0120, Critic Loss: 0.0000, Entropy: -1.7808
2025-09-26 19:01:27,799 - INFO - Step 1966080 - Actor Loss: -0.0008, Critic Loss: 0.0000, Entropy: -2.6354
2025-09-26 19:01:28,657 - INFO - Step 1968128 - Actor Loss: -0.0055, Critic Loss: 0.0000, Entropy: -2.4642
2025-09-26 19:01:29,597 - INFO - Step 1970176 - Actor Loss: 0.0004, Critic Loss: 0.0040, Entropy: -2.6441
2025-09-26 19:01:30,465 - INFO - Step 1972224 - Actor Loss: -0.0020, Critic Loss: 0.0000, Entropy: -2.5686
2025-09-26 19:01:31,402 - INFO - Step 1974272 - Actor Loss: -0.0075, Critic Loss: 0.0000, Entropy: -2.6446
2025-09-26 19:01:32,326 - INFO - Step 1976320 - Actor Loss: -0.0099, Critic Loss: 0.0000, Entropy: -2.5836
2025-09-26 19:01:33,315 - INFO - Step 1978368 - Actor Loss: -0.0001, Critic Loss: 0.0000, Entropy: -2.6496
2025-09-26 19:01:34,176 - INFO - Step 1980416 - Actor Loss: 0.0005, Critic Loss: 0.0000, Entropy: -2.5966
2025-09-26 19:01:35,121 - INFO - Step 1982464 - Actor Loss: -0.0005, Critic Loss: 0.0000, Entropy: -2.6463
2025-09-26 19:01:35,993 - INFO - Step 1984512 - Actor Loss: -0.0015, Critic Loss: 0.0000, Entropy: -2.6131
2025-09-26 19:01:36,948 - INFO - Step 1986560 - Actor Loss: -0.0007, Critic Loss: 0.0000, Entropy: -2.6546
2025-09-26 19:01:37,811 - INFO - Step 1988608 - Actor Loss: -0.0057, Critic Loss: 0.0000, Entropy: -2.6088
2025-09-26 19:01:38,741 - INFO - Step 1990656 - Actor Loss: -0.0022, Critic Loss: 0.0000, Entropy: -2.6377
2025-09-26 19:01:39,613 - INFO - Step 1992704 - Actor Loss: -0.0005, Critic Loss: 0.0000, Entropy: -2.6076
2025-09-26 19:01:40,588 - INFO - Step 1994752 - Actor Loss: 0.0001, Critic Loss: 0.0000, Entropy: -2.6366
2025-09-26 19:01:41,453 - INFO - Step 1996800 - Actor Loss: -0.0013, Critic Loss: 0.0000, Entropy: -2.6113
2025-09-26 19:01:42,381 - INFO - Step 1998848 - Actor Loss: -0.0010, Critic Loss: 0.0000, Entropy: -2.6377
2025-09-26 19:01:43,254 - INFO - Step 2000896 - Actor Loss: -0.0005, Critic Loss: 0.0000, Entropy: -2.6162
2025-09-26 19:01:44,190 - INFO - Step 2002944 - Actor Loss: -0.0015, Critic Loss: 0.0000, Entropy: -2.6294
2025-09-26 19:01:44,616 - INFO - Episode 500/1000 - Avg Reward: 0.10, Avg Length: 4000.0, Last Reward: 0.00
2025-09-26 19:01:44,618 - INFO - Checkpoint saved: /home/andres2020/Dev/RL-FL-Research/neatfa-tameem/argos/../logs/ppo_cpfa_20250926_184651/ppo_cpfa_episode_500.pt
2025-09-26 19:01:45,132 - INFO - Step 2004992 - Actor Loss: -0.0017, Critic Loss: 0.0000, Entropy: -2.6047
2025-09-26 19:01:46,065 - INFO - Step 2007040 - Actor Loss: -0.0028, Critic Loss: 0.0000, Entropy: -2.6197
2025-09-26 19:01:46,969 - INFO - Step 2009088 - Actor Loss: -0.0052, Critic Loss: 0.0000, Entropy: -2.5923
2025-09-26 19:01:47,962 - INFO - Step 2011136 - Actor Loss: 0.0000, Critic Loss: 0.0000, Entropy: -2.6025
2025-09-26 19:01:48,850 - INFO - Step 2013184 - Actor Loss: -0.0002, Critic Loss: 0.0000, Entropy: -2.5837
2025-09-26 19:01:49,792 - INFO - Step 2015232 - Actor Loss: -0.0054, Critic Loss: 0.0000, Entropy: -2.5945
2025-09-26 19:01:50,686 - INFO - Step 2017280 - Actor Loss: -0.0087, Critic Loss: 0.0000, Entropy: -2.5672
2025-09-26 19:01:51,615 - INFO - Step 2019328 - Actor Loss: -0.0036, Critic Loss: 0.0000, Entropy: -2.5955
2025-09-26 19:01:52,520 - INFO - Step 2021376 - Actor Loss: -0.0034, Critic Loss: 0.0000, Entropy: -2.5801
2025-09-26 19:01:53,449 - INFO - Step 2023424 - Actor Loss: -0.0000, Critic Loss: 0.0000, Entropy: -2.6047
2025-09-26 19:01:54,336 - INFO - Step 2025472 - Actor Loss: 0.0004, Critic Loss: 0.0000, Entropy: -2.5989
2025-09-26 19:01:55,304 - INFO - Step 2027520 - Actor Loss: -0.0007, Critic Loss: 0.0040, Entropy: -2.6151
2025-09-26 19:01:56,200 - INFO - Step 2029568 - Actor Loss: -0.0053, Critic Loss: 0.0000, Entropy: -2.6036
2025-09-26 19:01:57,125 - INFO - Step 2031616 - Actor Loss: -0.0050, Critic Loss: 0.0000, Entropy: -2.6177
2025-09-26 19:01:58,033 - INFO - Step 2033664 - Actor Loss: -0.0057, Critic Loss: 0.0000, Entropy: -2.6101
2025-09-26 19:01:58,963 - INFO - Step 2035712 - Actor Loss: -0.0033, Critic Loss: 0.0000, Entropy: -2.6125
2025-09-26 19:01:59,885 - INFO - Step 2037760 - Actor Loss: -0.0051, Critic Loss: 0.0000, Entropy: -2.6024
2025-09-26 19:02:00,815 - INFO - Step 2039808 - Actor Loss: -0.0034, Critic Loss: 0.0000, Entropy: -2.6123
2025-09-26 19:02:01,807 - INFO - Step 2041856 - Actor Loss: -0.0038, Critic Loss: 0.0000, Entropy: -2.5915
2025-09-26 19:02:02,786 - INFO - Step 2043904 - Actor Loss: -0.0002, Critic Loss: 0.0000, Entropy: -2.6015
2025-09-26 19:02:02,830 - INFO - Episode 510/1000 - Avg Reward: 0.10, Avg Length: 4000.0, Last Reward: 0.00
2025-09-26 19:02:03,705 - INFO - Step 2045952 - Actor Loss: -0.0001, Critic Loss: 0.0000, Entropy: -2.5922
2025-09-26 19:02:04,619 - INFO - Step 2048000 - Actor Loss: -0.0004, Critic Loss: 0.0000, Entropy: -2.5988
2025-09-26 19:02:05,536 - INFO - Step 2050048 - Actor Loss: -0.0008, Critic Loss: 0.0040, Entropy: -2.5844
2025-09-26 19:02:06,367 - INFO - Step 2052096 - Actor Loss: -0.0107, Critic Loss: 0.0000, Entropy: -2.4500
2025-09-26 19:02:07,284 - INFO - Step 2054144 - Actor Loss: -0.0071, Critic Loss: 0.0000, Entropy: -2.5634
2025-09-26 19:02:08,195 - INFO - Step 2056192 - Actor Loss: -0.0193, Critic Loss: 0.0000, Entropy: -2.4477
2025-09-26 19:02:09,115 - INFO - Step 2058240 - Actor Loss: -0.0018, Critic Loss: 0.0000, Entropy: -2.5443
2025-09-26 19:02:09,973 - INFO - Step 2060288 - Actor Loss: -0.0124, Critic Loss: 0.0000, Entropy: -2.4762
2025-09-26 19:02:10,893 - INFO - Step 2062336 - Actor Loss: -0.0049, Critic Loss: 0.0000, Entropy: -2.5487
2025-09-26 19:02:11,750 - INFO - Step 2064384 - Actor Loss: -0.0051, Critic Loss: 0.0000, Entropy: -2.5032
2025-09-26 19:02:12,673 - INFO - Step 2066432 - Actor Loss: 0.0014, Critic Loss: 0.0040, Entropy: -2.5517
2025-09-26 19:02:13,532 - INFO - Step 2068480 - Actor Loss: -0.0027, Critic Loss: 0.0000, Entropy: -2.5068
2025-09-26 19:02:14,449 - INFO - Step 2070528 - Actor Loss: -0.0096, Critic Loss: 0.0000, Entropy: -2.5617
2025-09-26 19:02:15,304 - INFO - Step 2072576 - Actor Loss: -0.0049, Critic Loss: 0.0000, Entropy: -2.5157
2025-09-26 19:02:16,283 - INFO - Step 2074624 - Actor Loss: -0.0067, Critic Loss: 0.0000, Entropy: -2.5593
2025-09-26 19:02:17,141 - INFO - Step 2076672 - Actor Loss: -0.0078, Critic Loss: 0.0000, Entropy: -2.5257
2025-09-26 19:02:18,063 - INFO - Step 2078720 - Actor Loss: -0.0048, Critic Loss: 0.0000, Entropy: -2.5516
2025-09-26 19:02:18,924 - INFO - Step 2080768 - Actor Loss: -0.0105, Critic Loss: 0.0000, Entropy: -2.5159
2025-09-26 19:02:19,842 - INFO - Step 2082816 - Actor Loss: -0.0036, Critic Loss: 0.0000, Entropy: -2.5595
2025-09-26 19:02:20,318 - INFO - Episode 520/1000 - Avg Reward: 0.10, Avg Length: 4000.0, Last Reward: 0.00
2025-09-26 19:02:20,713 - INFO - Step 2084864 - Actor Loss: -0.0075, Critic Loss: 0.0000, Entropy: -2.5275
2025-09-26 19:02:21,633 - INFO - Step 2086912 - Actor Loss: -0.0081, Critic Loss: 0.0000, Entropy: -2.5341
2025-09-26 19:02:22,505 - INFO - Step 2088960 - Actor Loss: -0.0052, Critic Loss: 0.0000, Entropy: -2.5250
2025-09-26 19:02:23,479 - INFO - Step 2091008 - Actor Loss: -0.0079, Critic Loss: 0.0000, Entropy: -2.5438
2025-09-26 19:02:24,353 - INFO - Step 2093056 - Actor Loss: 0.0016, Critic Loss: 0.0076, Entropy: -2.5093
2025-09-26 19:02:25,267 - INFO - Step 2095104 - Actor Loss: -0.0019, Critic Loss: 0.0001, Entropy: -2.4739
2025-09-26 19:02:26,140 - INFO - Step 2097152 - Actor Loss: -0.0009, Critic Loss: 0.0000, Entropy: -2.5234
2025-09-26 19:02:27,060 - INFO - Step 2099200 - Actor Loss: -0.0092, Critic Loss: 0.0000, Entropy: -2.5267
2025-09-26 19:02:27,940 - INFO - Step 2101248 - Actor Loss: -0.0087, Critic Loss: 0.0000, Entropy: -2.4932
2025-09-26 19:02:28,867 - INFO - Step 2103296 - Actor Loss: -0.0119, Critic Loss: 0.0000, Entropy: -2.5096
2025-09-26 19:02:29,758 - INFO - Step 2105344 - Actor Loss: -0.0057, Critic Loss: 0.0000, Entropy: -2.5222
2025-09-26 19:02:30,730 - INFO - Step 2107392 - Actor Loss: -0.0103, Critic Loss: 0.0000, Entropy: -2.5417
2025-09-26 19:02:31,620 - INFO - Step 2109440 - Actor Loss: -0.0127, Critic Loss: 0.0000, Entropy: -2.5183
2025-09-26 19:02:32,550 - INFO - Step 2111488 - Actor Loss: -0.0065, Critic Loss: 0.0000, Entropy: -2.5447
2025-09-26 19:02:33,466 - INFO - Step 2113536 - Actor Loss: -0.0101, Critic Loss: 0.0000, Entropy: -2.5410
2025-09-26 19:02:34,392 - INFO - Step 2115584 - Actor Loss: -0.0091, Critic Loss: 0.0000, Entropy: -2.5573
2025-09-26 19:02:35,337 - INFO - Step 2117632 - Actor Loss: -0.0096, Critic Loss: 0.0000, Entropy: -2.5529
2025-09-26 19:02:36,266 - INFO - Step 2119680 - Actor Loss: -0.0087, Critic Loss: 0.0000, Entropy: -2.5618
2025-09-26 19:02:37,181 - INFO - Step 2121728 - Actor Loss: -0.0061, Critic Loss: 0.0000, Entropy: -2.5603
2025-09-26 19:02:38,182 - INFO - Step 2123776 - Actor Loss: -0.0117, Critic Loss: 0.0000, Entropy: -2.5834
2025-09-26 19:02:38,276 - INFO - Episode 530/1000 - Avg Reward: 0.11, Avg Length: 4000.0, Last Reward: 0.00
2025-09-26 19:02:39,105 - INFO - Step 2125824 - Actor Loss: -0.0050, Critic Loss: 0.0000, Entropy: -2.5617
2025-09-26 19:02:40,022 - INFO - Step 2127872 - Actor Loss: -0.0080, Critic Loss: 0.0000, Entropy: -2.5861
2025-09-26 19:02:40,932 - INFO - Step 2129920 - Actor Loss: -0.0018, Critic Loss: 0.0000, Entropy: -2.5775
2025-09-26 19:02:41,856 - INFO - Step 2131968 - Actor Loss: 0.0007, Critic Loss: 0.0000, Entropy: -2.6009
2025-09-26 19:02:42,783 - INFO - Step 2134016 - Actor Loss: -0.0006, Critic Loss: 0.0000, Entropy: -2.5888
2025-09-26 19:02:43,623 - INFO - Step 2136064 - Actor Loss: -0.0053, Critic Loss: 0.0000, Entropy: -2.1098
2025-09-26 19:02:44,612 - INFO - Step 2138112 - Actor Loss: -0.0093, Critic Loss: 0.0000, Entropy: -2.6186
2025-09-26 19:02:45,462 - INFO - Step 2140160 - Actor Loss: -0.0038, Critic Loss: 0.0000, Entropy: -2.4647
2025-09-26 19:02:46,386 - INFO - Step 2142208 - Actor Loss: -0.0003, Critic Loss: 0.0041, Entropy: -2.6185
2025-09-26 19:02:47,232 - INFO - Step 2144256 - Actor Loss: -0.0043, Critic Loss: 0.0000, Entropy: -2.5011
2025-09-26 19:02:48,151 - INFO - Step 2146304 - Actor Loss: 0.0002, Critic Loss: 0.0000, Entropy: -2.6212
2025-09-26 19:02:49,002 - INFO - Step 2148352 - Actor Loss: -0.0012, Critic Loss: 0.0000, Entropy: -2.5433
2025-09-26 19:02:49,921 - INFO - Step 2150400 - Actor Loss: -0.0012, Critic Loss: 0.0000, Entropy: -2.6262
2025-09-26 19:02:50,823 - INFO - Step 2152448 - Actor Loss: -0.0026, Critic Loss: 0.0000, Entropy: -2.5370
2025-09-26 19:02:51,735 - INFO - Step 2154496 - Actor Loss: -0.0023, Critic Loss: 0.0000, Entropy: -2.6189
2025-09-26 19:02:52,592 - INFO - Step 2156544 - Actor Loss: -0.0005, Critic Loss: 0.0000, Entropy: -2.5632
2025-09-26 19:02:53,512 - INFO - Step 2158592 - Actor Loss: 0.0002, Critic Loss: 0.0000, Entropy: -2.6161
2025-09-26 19:02:54,366 - INFO - Step 2160640 - Actor Loss: -0.0015, Critic Loss: 0.0000, Entropy: -2.5770
2025-09-26 19:02:55,281 - INFO - Step 2162688 - Actor Loss: -0.0024, Critic Loss: 0.0000, Entropy: -2.6215
2025-09-26 19:02:55,804 - INFO - Episode 540/1000 - Avg Reward: 0.10, Avg Length: 4000.0, Last Reward: 0.00
2025-09-26 19:02:56,146 - INFO - Step 2164736 - Actor Loss: -0.0020, Critic Loss: 0.0000, Entropy: -2.5837
2025-09-26 19:02:57,067 - INFO - Step 2166784 - Actor Loss: -0.0017, Critic Loss: 0.0000, Entropy: -2.6277
2025-09-26 19:02:57,937 - INFO - Step 2168832 - Actor Loss: 0.0007, Critic Loss: 0.0098, Entropy: -2.5746
2025-09-26 19:02:58,908 - INFO - Step 2170880 - Actor Loss: -0.0026, Critic Loss: 0.0001, Entropy: -2.6067
2025-09-26 19:02:59,786 - INFO - Step 2172928 - Actor Loss: -0.0007, Critic Loss: 0.0000, Entropy: -2.5916
2025-09-26 19:03:00,712 - INFO - Step 2174976 - Actor Loss: -0.0023, Critic Loss: 0.0000, Entropy: -2.6171
2025-09-26 19:03:01,598 - INFO - Step 2177024 - Actor Loss: -0.0059, Critic Loss: 0.0000, Entropy: -2.5857
2025-09-26 19:03:02,514 - INFO - Step 2179072 - Actor Loss: -0.0068, Critic Loss: 0.0000, Entropy: -2.6127
2025-09-26 19:03:03,382 - INFO - Step 2181120 - Actor Loss: -0.0084, Critic Loss: 0.0000, Entropy: -2.5883
2025-09-26 19:03:04,304 - INFO - Step 2183168 - Actor Loss: -0.0069, Critic Loss: 0.0000, Entropy: -2.6264
2025-09-26 19:03:05,233 - INFO - Step 2185216 - Actor Loss: -0.0141, Critic Loss: 0.0000, Entropy: -2.5809
2025-09-26 19:03:06,252 - INFO - Step 2187264 - Actor Loss: -0.0078, Critic Loss: 0.0000, Entropy: -2.6176
2025-09-26 19:03:07,161 - INFO - Step 2189312 - Actor Loss: -0.0037, Critic Loss: 0.0000, Entropy: -2.5981
2025-09-26 19:03:08,088 - INFO - Step 2191360 - Actor Loss: -0.0053, Critic Loss: 0.0000, Entropy: -2.6194
2025-09-26 19:03:09,000 - INFO - Step 2193408 - Actor Loss: -0.0023, Critic Loss: 0.0000, Entropy: -2.6026
2025-09-26 19:03:09,913 - INFO - Step 2195456 - Actor Loss: 0.0006, Critic Loss: 0.0000, Entropy: -2.6457
2025-09-26 19:03:10,822 - INFO - Step 2197504 - Actor Loss: -0.0001, Critic Loss: 0.0000, Entropy: -2.6060
2025-09-26 19:03:11,775 - INFO - Step 2199552 - Actor Loss: -0.0006, Critic Loss: 0.0000, Entropy: -2.6443
2025-09-26 19:03:12,753 - INFO - Step 2201600 - Actor Loss: -0.0016, Critic Loss: 0.0000, Entropy: -2.6184
2025-09-26 19:03:13,682 - INFO - Step 2203648 - Actor Loss: -0.0018, Critic Loss: 0.0000, Entropy: -2.6369
2025-09-26 19:03:13,826 - INFO - Episode 550/1000 - Avg Reward: 0.10, Avg Length: 4000.0, Last Reward: 0.00
2025-09-26 19:03:13,827 - INFO - Checkpoint saved: /home/andres2020/Dev/RL-FL-Research/neatfa-tameem/argos/../logs/ppo_cpfa_20250926_184651/ppo_cpfa_episode_550.pt
2025-09-26 19:03:14,607 - INFO - Step 2205696 - Actor Loss: -0.0017, Critic Loss: 0.0000, Entropy: -2.6180
2025-09-26 19:03:15,554 - INFO - Step 2207744 - Actor Loss: 0.0002, Critic Loss: 0.0000, Entropy: -2.6423
2025-09-26 19:03:16,466 - INFO - Step 2209792 - Actor Loss: -0.0005, Critic Loss: 0.0000, Entropy: -2.6142
2025-09-26 19:03:17,390 - INFO - Step 2211840 - Actor Loss: -0.0004, Critic Loss: 0.0000, Entropy: -2.6347
2025-09-26 19:03:18,300 - INFO - Step 2213888 - Actor Loss: -0.0003, Critic Loss: 0.0000, Entropy: -2.6084
2025-09-26 19:03:19,267 - INFO - Step 2215936 - Actor Loss: -0.0018, Critic Loss: 0.0000, Entropy: -2.6345
2025-09-26 19:03:20,177 - INFO - Step 2217984 - Actor Loss: -0.0013, Critic Loss: 0.0000, Entropy: -2.6155
2025-09-26 19:03:21,001 - INFO - Step 2220032 - Actor Loss: -0.0155, Critic Loss: 0.0001, Entropy: -1.6383
2025-09-26 19:03:21,908 - INFO - Step 2222080 - Actor Loss: 0.0012, Critic Loss: 0.0000, Entropy: -2.6367
2025-09-26 19:03:22,740 - INFO - Step 2224128 - Actor Loss: -0.0015, Critic Loss: 0.0000, Entropy: -2.3999
2025-09-26 19:03:23,652 - INFO - Step 2226176 - Actor Loss: -0.0002, Critic Loss: 0.0000, Entropy: -2.6389
2025-09-26 19:03:24,494 - INFO - Step 2228224 - Actor Loss: -0.0018, Critic Loss: 0.0000, Entropy: -2.4865
2025-09-26 19:03:25,464 - INFO - Step 2230272 - Actor Loss: -0.0014, Critic Loss: 0.0000, Entropy: -2.6436
2025-09-26 19:03:26,304 - INFO - Step 2232320 - Actor Loss: -0.0030, Critic Loss: 0.0000, Entropy: -2.5296
2025-09-26 19:03:27,216 - INFO - Step 2234368 - Actor Loss: 0.0001, Critic Loss: 0.0000, Entropy: -2.6407
2025-09-26 19:03:28,065 - INFO - Step 2236416 - Actor Loss: -0.0037, Critic Loss: 0.0000, Entropy: -2.5782
2025-09-26 19:03:28,979 - INFO - Step 2238464 - Actor Loss: -0.0011, Critic Loss: 0.0000, Entropy: -2.6341
2025-09-26 19:03:29,828 - INFO - Step 2240512 - Actor Loss: -0.0046, Critic Loss: 0.0000, Entropy: -2.5817
2025-09-26 19:03:30,741 - INFO - Step 2242560 - Actor Loss: -0.0012, Critic Loss: 0.0000, Entropy: -2.6394
2025-09-26 19:03:31,316 - INFO - Episode 560/1000 - Avg Reward: 0.10, Avg Length: 4000.0, Last Reward: 0.00
2025-09-26 19:03:31,592 - INFO - Step 2244608 - Actor Loss: -0.0007, Critic Loss: 0.0000, Entropy: -2.5827
2025-09-26 19:03:32,561 - INFO - Step 2246656 - Actor Loss: -0.0000, Critic Loss: 0.0000, Entropy: -2.6391
2025-09-26 19:03:33,421 - INFO - Step 2248704 - Actor Loss: -0.0033, Critic Loss: 0.0000, Entropy: -2.5975
2025-09-26 19:03:34,331 - INFO - Step 2250752 - Actor Loss: -0.0006, Critic Loss: 0.0000, Entropy: -2.6331
2025-09-26 19:03:35,193 - INFO - Step 2252800 - Actor Loss: -0.0010, Critic Loss: 0.0000, Entropy: -2.6096
2025-09-26 19:03:36,103 - INFO - Step 2254848 - Actor Loss: -0.0001, Critic Loss: 0.0041, Entropy: -2.6485
2025-09-26 19:03:36,968 - INFO - Step 2256896 - Actor Loss: -0.0026, Critic Loss: 0.0000, Entropy: -2.6123
2025-09-26 19:03:37,888 - INFO - Step 2258944 - Actor Loss: -0.0018, Critic Loss: 0.0000, Entropy: -2.6334
2025-09-26 19:03:38,761 - INFO - Step 2260992 - Actor Loss: 0.0007, Critic Loss: 0.0083, Entropy: -2.6195
2025-09-26 19:03:39,725 - INFO - Step 2263040 - Actor Loss: -0.0014, Critic Loss: 0.0000, Entropy: -2.6447
2025-09-26 19:03:40,600 - INFO - Step 2265088 - Actor Loss: -0.0026, Critic Loss: 0.0075, Entropy: -2.6051
2025-09-26 19:03:41,510 - INFO - Step 2267136 - Actor Loss: -0.0010, Critic Loss: 0.0000, Entropy: -2.6432
2025-09-26 19:03:42,386 - INFO - Step 2269184 - Actor Loss: -0.0027, Critic Loss: 0.0000, Entropy: -2.6218
2025-09-26 19:03:43,298 - INFO - Step 2271232 - Actor Loss: -0.0037, Critic Loss: 0.0000, Entropy: -2.6312
2025-09-26 19:03:44,178 - INFO - Step 2273280 - Actor Loss: -0.0061, Critic Loss: 0.0000, Entropy: -2.6119
2025-09-26 19:03:45,147 - INFO - Step 2275328 - Actor Loss: -0.0095, Critic Loss: 0.0000, Entropy: -2.6252
2025-09-26 19:03:46,029 - INFO - Step 2277376 - Actor Loss: -0.0059, Critic Loss: 0.0000, Entropy: -2.6061
2025-09-26 19:03:46,945 - INFO - Step 2279424 - Actor Loss: -0.0081, Critic Loss: 0.0000, Entropy: -2.6372
2025-09-26 19:03:47,835 - INFO - Step 2281472 - Actor Loss: -0.0056, Critic Loss: 0.0000, Entropy: -2.6039
2025-09-26 19:03:48,753 - INFO - Step 2283520 - Actor Loss: -0.0051, Critic Loss: 0.0000, Entropy: -2.6242
2025-09-26 19:03:48,946 - INFO - Episode 570/1000 - Avg Reward: 0.13, Avg Length: 4000.0, Last Reward: 0.00
2025-09-26 19:03:49,647 - INFO - Step 2285568 - Actor Loss: -0.0013, Critic Loss: 0.0000, Entropy: -2.6210
2025-09-26 19:03:50,560 - INFO - Step 2287616 - Actor Loss: 0.0006, Critic Loss: 0.0000, Entropy: -2.6398
2025-09-26 19:03:51,456 - INFO - Step 2289664 - Actor Loss: -0.0012, Critic Loss: 0.0000, Entropy: -2.6112
2025-09-26 19:03:52,424 - INFO - Step 2291712 - Actor Loss: -0.0015, Critic Loss: 0.0000, Entropy: -2.6405
2025-09-26 19:03:53,323 - INFO - Step 2293760 - Actor Loss: -0.0047, Critic Loss: 0.0000, Entropy: -2.6253
2025-09-26 19:03:54,235 - INFO - Step 2295808 - Actor Loss: -0.0067, Critic Loss: 0.0000, Entropy: -2.6343
2025-09-26 19:03:55,139 - INFO - Step 2297856 - Actor Loss: -0.0060, Critic Loss: 0.0000, Entropy: -2.6172
2025-09-26 19:03:56,054 - INFO - Step 2299904 - Actor Loss: -0.0052, Critic Loss: 0.0000, Entropy: -2.6236
2025-09-26 19:03:56,965 - INFO - Step 2301952 - Actor Loss: -0.0001, Critic Loss: 0.0000, Entropy: -2.6083
2025-09-26 19:03:57,878 - INFO - Step 2304000 - Actor Loss: -0.0004, Critic Loss: 0.0000, Entropy: -2.6228
2025-09-26 19:03:58,848 - INFO - Step 2306048 - Actor Loss: 0.0002, Critic Loss: 0.0000, Entropy: -2.6088
2025-09-26 19:03:59,679 - INFO - Step 2308096 - Actor Loss: -0.0073, Critic Loss: 0.0000, Entropy: -2.2441
2025-09-26 19:04:00,594 - INFO - Step 2310144 - Actor Loss: -0.0010, Critic Loss: 0.0000, Entropy: -2.6107
2025-09-26 19:04:01,427 - INFO - Step 2312192 - Actor Loss: -0.0030, Critic Loss: 0.0000, Entropy: -2.4076
2025-09-26 19:04:02,338 - INFO - Step 2314240 - Actor Loss: -0.0044, Critic Loss: 0.0000, Entropy: -2.6087
2025-09-26 19:04:03,176 - INFO - Step 2316288 - Actor Loss: -0.0016, Critic Loss: 0.0000, Entropy: -2.4709
2025-09-26 19:04:04,085 - INFO - Step 2318336 - Actor Loss: -0.0067, Critic Loss: 0.0000, Entropy: -2.5945
2025-09-26 19:04:04,982 - INFO - Step 2320384 - Actor Loss: -0.0023, Critic Loss: 0.0000, Entropy: -2.4769
2025-09-26 19:04:05,896 - INFO - Step 2322432 - Actor Loss: -0.0057, Critic Loss: 0.0000, Entropy: -2.6043
2025-09-26 19:04:06,521 - INFO - Episode 580/1000 - Avg Reward: 0.10, Avg Length: 4000.0, Last Reward: 0.00
2025-09-26 19:04:06,744 - INFO - Step 2324480 - Actor Loss: -0.0024, Critic Loss: 0.0000, Entropy: -2.5295
2025-09-26 19:04:07,656 - INFO - Step 2326528 - Actor Loss: -0.0003, Critic Loss: 0.0000, Entropy: -2.6129
2025-09-26 19:04:08,507 - INFO - Step 2328576 - Actor Loss: -0.0006, Critic Loss: 0.0000, Entropy: -2.5422
2025-09-26 19:04:09,418 - INFO - Step 2330624 - Actor Loss: -0.0011, Critic Loss: 0.0000, Entropy: -2.6147
2025-09-26 19:04:10,275 - INFO - Step 2332672 - Actor Loss: -0.0039, Critic Loss: 0.0000, Entropy: -2.5562
2025-09-26 19:04:11,193 - INFO - Step 2334720 - Actor Loss: -0.0045, Critic Loss: 0.0000, Entropy: -2.6184
2025-09-26 19:04:12,102 - INFO - Step 2336768 - Actor Loss: -0.0084, Critic Loss: 0.0000, Entropy: -2.5689
2025-09-26 19:04:13,015 - INFO - Step 2338816 - Actor Loss: -0.0014, Critic Loss: 0.0000, Entropy: -2.6221
2025-09-26 19:04:13,877 - INFO - Step 2340864 - Actor Loss: -0.0017, Critic Loss: 0.0000, Entropy: -2.5686
2025-09-26 19:04:14,792 - INFO - Step 2342912 - Actor Loss: -0.0012, Critic Loss: 0.0000, Entropy: -2.6225
2025-09-26 19:04:15,656 - INFO - Step 2344960 - Actor Loss: 0.0001, Critic Loss: 0.0000, Entropy: -2.5775
2025-09-26 19:04:16,575 - INFO - Step 2347008 - Actor Loss: -0.0005, Critic Loss: 0.0000, Entropy: -2.6140
2025-09-26 19:04:17,447 - INFO - Step 2349056 - Actor Loss: -0.0005, Critic Loss: 0.0000, Entropy: -2.5685
2025-09-26 19:04:18,413 - INFO - Step 2351104 - Actor Loss: -0.0001, Critic Loss: 0.0000, Entropy: -2.6099
2025-09-26 19:04:19,294 - INFO - Step 2353152 - Actor Loss: -0.0004, Critic Loss: 0.0000, Entropy: -2.5920
2025-09-26 19:04:20,215 - INFO - Step 2355200 - Actor Loss: -0.0002, Critic Loss: 0.0000, Entropy: -2.6092
2025-09-26 19:04:21,095 - INFO - Step 2357248 - Actor Loss: -0.0004, Critic Loss: 0.0000, Entropy: -2.5858
2025-09-26 19:04:22,014 - INFO - Step 2359296 - Actor Loss: -0.0004, Critic Loss: 0.0000, Entropy: -2.6156
2025-09-26 19:04:22,900 - INFO - Step 2361344 - Actor Loss: -0.0004, Critic Loss: 0.0000, Entropy: -2.5770
2025-09-26 19:04:23,818 - INFO - Step 2363392 - Actor Loss: -0.0003, Critic Loss: 0.0000, Entropy: -2.6134
2025-09-26 19:04:24,064 - INFO - Episode 590/1000 - Avg Reward: 0.10, Avg Length: 4000.0, Last Reward: 0.00
2025-09-26 19:04:24,708 - INFO - Step 2365440 - Actor Loss: -0.0007, Critic Loss: 0.0000, Entropy: -2.5817
2025-09-26 19:04:25,675 - INFO - Step 2367488 - Actor Loss: -0.0001, Critic Loss: 0.0000, Entropy: -2.6056
2025-09-26 19:04:26,566 - INFO - Step 2369536 - Actor Loss: -0.0007, Critic Loss: 0.0000, Entropy: -2.5845
2025-09-26 19:04:27,481 - INFO - Step 2371584 - Actor Loss: -0.0003, Critic Loss: 0.0000, Entropy: -2.6050
2025-09-26 19:04:28,378 - INFO - Step 2373632 - Actor Loss: -0.0012, Critic Loss: 0.0000, Entropy: -2.5872
2025-09-26 19:04:29,295 - INFO - Step 2375680 - Actor Loss: -0.0010, Critic Loss: 0.0000, Entropy: -2.6030
2025-09-26 19:04:30,194 - INFO - Step 2377728 - Actor Loss: -0.0028, Critic Loss: 0.0000, Entropy: -2.5713
2025-09-26 19:04:31,105 - INFO - Step 2379776 - Actor Loss: -0.0000, Critic Loss: 0.0000, Entropy: -2.6037
2025-09-26 19:04:32,059 - INFO - Step 2381824 - Actor Loss: -0.0029, Critic Loss: 0.0000, Entropy: -2.5758
2025-09-26 19:04:32,976 - INFO - Step 2383872 - Actor Loss: -0.0017, Critic Loss: 0.0000, Entropy: -2.5963
2025-09-26 19:04:33,879 - INFO - Step 2385920 - Actor Loss: -0.0015, Critic Loss: 0.0000, Entropy: -2.5850
2025-09-26 19:04:34,792 - INFO - Step 2387968 - Actor Loss: -0.0005, Critic Loss: 0.0000, Entropy: -2.5952
2025-09-26 19:04:35,701 - INFO - Step 2390016 - Actor Loss: -0.0003, Critic Loss: 0.0000, Entropy: -2.5826
2025-09-26 19:04:36,531 - INFO - Step 2392064 - Actor Loss: -0.0127, Critic Loss: 0.0000, Entropy: -2.1026
2025-09-26 19:04:37,499 - INFO - Step 2394112 - Actor Loss: -0.0014, Critic Loss: 0.0000, Entropy: -2.6022
2025-09-26 19:04:38,331 - INFO - Step 2396160 - Actor Loss: -0.0030, Critic Loss: 0.0000, Entropy: -2.3389
2025-09-26 19:04:39,242 - INFO - Step 2398208 - Actor Loss: 0.0004, Critic Loss: 0.0000, Entropy: -2.6049
2025-09-26 19:04:40,078 - INFO - Step 2400256 - Actor Loss: -0.0015, Critic Loss: 0.0000, Entropy: -2.4697
2025-09-26 19:04:40,991 - INFO - Step 2402304 - Actor Loss: -0.0005, Critic Loss: 0.0000, Entropy: -2.6092
2025-09-26 19:04:41,666 - INFO - Episode 600/1000 - Avg Reward: 0.09, Avg Length: 4000.0, Last Reward: 0.00
2025-09-26 19:04:41,668 - INFO - Checkpoint saved: /home/andres2020/Dev/RL-FL-Research/neatfa-tameem/argos/../logs/ppo_cpfa_20250926_184651/ppo_cpfa_episode_600.pt
2025-09-26 19:04:41,834 - INFO - Step 2404352 - Actor Loss: -0.0019, Critic Loss: 0.0000, Entropy: -2.5023
2025-09-26 19:04:42,745 - INFO - Step 2406400 - Actor Loss: -0.0003, Critic Loss: 0.0000, Entropy: -2.6119
2025-09-26 19:04:43,590 - INFO - Step 2408448 - Actor Loss: -0.0041, Critic Loss: 0.0000, Entropy: -2.5396
2025-09-26 19:04:44,556 - INFO - Step 2410496 - Actor Loss: -0.0039, Critic Loss: 0.0000, Entropy: -2.6198
2025-09-26 19:04:45,405 - INFO - Step 2412544 - Actor Loss: -0.0075, Critic Loss: 0.0000, Entropy: -2.5279
2025-09-26 19:04:46,317 - INFO - Step 2414592 - Actor Loss: 0.0005, Critic Loss: 0.0000, Entropy: -2.6189
2025-09-26 19:04:47,170 - INFO - Step 2416640 - Actor Loss: -0.0016, Critic Loss: 0.0000, Entropy: -2.5714
2025-09-26 19:04:48,080 - INFO - Step 2418688 - Actor Loss: -0.0010, Critic Loss: 0.0000, Entropy: -2.6169
2025-09-26 19:04:48,937 - INFO - Step 2420736 - Actor Loss: -0.0072, Critic Loss: 0.0000, Entropy: -2.5799
2025-09-26 19:04:49,850 - INFO - Step 2422784 - Actor Loss: 0.0023, Critic Loss: 0.0000, Entropy: -2.6163
2025-09-26 19:04:50,712 - INFO - Step 2424832 - Actor Loss: -0.0018, Critic Loss: 0.0000, Entropy: -2.5798
2025-09-26 19:04:51,684 - INFO - Step 2426880 - Actor Loss: -0.0005, Critic Loss: 0.0000, Entropy: -2.6094
2025-09-26 19:04:52,552 - INFO - Step 2428928 - Actor Loss: -0.0011, Critic Loss: 0.0086, Entropy: -2.5676
2025-09-26 19:04:53,465 - INFO - Step 2430976 - Actor Loss: -0.0018, Critic Loss: 0.0001, Entropy: -2.6252
2025-09-26 19:04:54,333 - INFO - Step 2433024 - Actor Loss: -0.0055, Critic Loss: 0.0001, Entropy: -2.5807
2025-09-26 19:04:55,248 - INFO - Step 2435072 - Actor Loss: -0.0097, Critic Loss: 0.0000, Entropy: -2.6059
2025-09-26 19:04:56,121 - INFO - Step 2437120 - Actor Loss: -0.0103, Critic Loss: 0.0000, Entropy: -2.5906
2025-09-26 19:04:57,039 - INFO - Step 2439168 - Actor Loss: -0.0083, Critic Loss: 0.0000, Entropy: -2.6029
2025-09-26 19:04:57,917 - INFO - Step 2441216 - Actor Loss: -0.0092, Critic Loss: 0.0000, Entropy: -2.5903
2025-09-26 19:04:58,889 - INFO - Step 2443264 - Actor Loss: 0.0026, Critic Loss: 0.0000, Entropy: -2.6084
2025-09-26 19:04:59,184 - INFO - Episode 610/1000 - Avg Reward: 0.09, Avg Length: 4000.0, Last Reward: 0.00
2025-09-26 19:04:59,770 - INFO - Step 2445312 - Actor Loss: 0.0007, Critic Loss: 0.0061, Entropy: -2.5862
2025-09-26 19:05:00,686 - INFO - Step 2447360 - Actor Loss: -0.0069, Critic Loss: 0.0000, Entropy: -2.6167
2025-09-26 19:05:01,569 - INFO - Step 2449408 - Actor Loss: -0.0081, Critic Loss: 0.0000, Entropy: -2.5779
2025-09-26 19:05:02,488 - INFO - Step 2451456 - Actor Loss: -0.0141, Critic Loss: 0.0000, Entropy: -2.5878
2025-09-26 19:05:03,374 - INFO - Step 2453504 - Actor Loss: -0.0105, Critic Loss: 0.0000, Entropy: -2.5578
2025-09-26 19:05:04,288 - INFO - Step 2455552 - Actor Loss: -0.0119, Critic Loss: 0.0000, Entropy: -2.5902
2025-09-26 19:05:05,178 - INFO - Step 2457600 - Actor Loss: -0.0073, Critic Loss: 0.0000, Entropy: -2.5795
2025-09-26 19:05:06,142 - INFO - Step 2459648 - Actor Loss: -0.0135, Critic Loss: 0.0000, Entropy: -2.5895
2025-09-26 19:05:07,039 - INFO - Step 2461696 - Actor Loss: -0.0025, Critic Loss: 0.0000, Entropy: -2.5596
2025-09-26 19:05:07,951 - INFO - Step 2463744 - Actor Loss: -0.0109, Critic Loss: 0.0000, Entropy: -2.5964
2025-09-26 19:05:08,855 - INFO - Step 2465792 - Actor Loss: -0.0008, Critic Loss: 0.0000, Entropy: -2.5793
2025-09-26 19:05:09,765 - INFO - Step 2467840 - Actor Loss: -0.0011, Critic Loss: 0.0000, Entropy: -2.5928
2025-09-26 19:05:10,681 - INFO - Step 2469888 - Actor Loss: 0.0003, Critic Loss: 0.0043, Entropy: -2.5859
2025-09-26 19:05:11,592 - INFO - Step 2471936 - Actor Loss: -0.0094, Critic Loss: 0.0000, Entropy: -2.6175
2025-09-26 19:05:12,557 - INFO - Step 2473984 - Actor Loss: 0.0004, Critic Loss: 0.0041, Entropy: -2.5935
2025-09-26 19:05:13,382 - INFO - Step 2476032 - Actor Loss: -0.0186, Critic Loss: 0.0000, Entropy: -1.7316
2025-09-26 19:05:14,291 - INFO - Step 2478080 - Actor Loss: -0.0053, Critic Loss: 0.0000, Entropy: -2.6118
2025-09-26 19:05:15,121 - INFO - Step 2480128 - Actor Loss: -0.0057, Critic Loss: 0.0000, Entropy: -2.4300
2025-09-26 19:05:16,027 - INFO - Step 2482176 - Actor Loss: -0.0088, Critic Loss: 0.0000, Entropy: -2.6132
2025-09-26 19:05:16,752 - INFO - Episode 620/1000 - Avg Reward: 0.10, Avg Length: 4000.0, Last Reward: 0.00
2025-09-26 19:05:16,864 - INFO - Step 2484224 - Actor Loss: -0.0039, Critic Loss: 0.0000, Entropy: -2.5290
2025-09-26 19:05:17,775 - INFO - Step 2486272 - Actor Loss: -0.0050, Critic Loss: 0.0000, Entropy: -2.6287
2025-09-26 19:05:18,614 - INFO - Step 2488320 - Actor Loss: -0.0081, Critic Loss: 0.0000, Entropy: -2.5373
2025-09-26 19:05:19,578 - INFO - Step 2490368 - Actor Loss: -0.0089, Critic Loss: 0.0000, Entropy: -2.6241
2025-09-26 19:05:20,417 - INFO - Step 2492416 - Actor Loss: -0.0076, Critic Loss: 0.0000, Entropy: -2.5785
2025-09-26 19:05:21,328 - INFO - Step 2494464 - Actor Loss: -0.0059, Critic Loss: 0.0000, Entropy: -2.6264
2025-09-26 19:05:22,175 - INFO - Step 2496512 - Actor Loss: -0.0041, Critic Loss: 0.0000, Entropy: -2.5907
2025-09-26 19:05:23,089 - INFO - Step 2498560 - Actor Loss: -0.0008, Critic Loss: 0.0000, Entropy: -2.6197
2025-09-26 19:05:23,935 - INFO - Step 2500608 - Actor Loss: -0.0021, Critic Loss: 0.0000, Entropy: -2.5911
2025-09-26 19:05:24,845 - INFO - Step 2502656 - Actor Loss: 0.0005, Critic Loss: 0.0000, Entropy: -2.6178
2025-09-26 19:05:25,697 - INFO - Step 2504704 - Actor Loss: -0.0008, Critic Loss: 0.0000, Entropy: -2.5936
2025-09-26 19:05:26,667 - INFO - Step 2506752 - Actor Loss: -0.0011, Critic Loss: 0.0000, Entropy: -2.6242
2025-09-26 19:05:27,524 - INFO - Step 2508800 - Actor Loss: -0.0015, Critic Loss: 0.0000, Entropy: -2.5802
2025-09-26 19:05:28,441 - INFO - Step 2510848 - Actor Loss: -0.0013, Critic Loss: 0.0000, Entropy: -2.6093
2025-09-26 19:05:29,302 - INFO - Step 2512896 - Actor Loss: -0.0008, Critic Loss: 0.0000, Entropy: -2.5909
2025-09-26 19:05:30,211 - INFO - Step 2514944 - Actor Loss: -0.0003, Critic Loss: 0.0000, Entropy: -2.5999
2025-09-26 19:05:31,082 - INFO - Step 2516992 - Actor Loss: -0.0033, Critic Loss: 0.0000, Entropy: -2.5992
2025-09-26 19:05:31,989 - INFO - Step 2519040 - Actor Loss: -0.0005, Critic Loss: 0.0000, Entropy: -2.6098
2025-09-26 19:05:32,859 - INFO - Step 2521088 - Actor Loss: -0.0007, Critic Loss: 0.0000, Entropy: -2.5811
2025-09-26 19:05:33,767 - INFO - Step 2523136 - Actor Loss: -0.0000, Critic Loss: 0.0040, Entropy: -2.6299
2025-09-26 19:05:34,110 - INFO - Episode 630/1000 - Avg Reward: 0.10, Avg Length: 4000.0, Last Reward: 1.00
2025-09-26 19:05:34,693 - INFO - Step 2525184 - Actor Loss: -0.0005, Critic Loss: 0.0000, Entropy: -2.6047
2025-09-26 19:05:35,609 - INFO - Step 2527232 - Actor Loss: -0.0006, Critic Loss: 0.0000, Entropy: -2.6078
2025-09-26 19:05:36,483 - INFO - Step 2529280 - Actor Loss: -0.0024, Critic Loss: 0.0000, Entropy: -2.6070
2025-09-26 19:05:37,400 - INFO - Step 2531328 - Actor Loss: -0.0019, Critic Loss: 0.0000, Entropy: -2.6200
2025-09-26 19:05:38,282 - INFO - Step 2533376 - Actor Loss: -0.0014, Critic Loss: 0.0000, Entropy: -2.6109
2025-09-26 19:05:39,195 - INFO - Step 2535424 - Actor Loss: 0.0004, Critic Loss: 0.0040, Entropy: -2.6477
2025-09-26 19:05:40,074 - INFO - Step 2537472 - Actor Loss: -0.0002, Critic Loss: 0.0000, Entropy: -2.6040
2025-09-26 19:05:40,984 - INFO - Step 2539520 - Actor Loss: -0.0002, Critic Loss: 0.0000, Entropy: -2.6186
2025-09-26 19:05:41,920 - INFO - Step 2541568 - Actor Loss: -0.0003, Critic Loss: 0.0000, Entropy: -2.6081
2025-09-26 19:05:42,829 - INFO - Step 2543616 - Actor Loss: -0.0025, Critic Loss: 0.0000, Entropy: -2.6207
2025-09-26 19:05:43,722 - INFO - Step 2545664 - Actor Loss: -0.0023, Critic Loss: 0.0000, Entropy: -2.6162
2025-09-26 19:05:44,645 - INFO - Step 2547712 - Actor Loss: -0.0030, Critic Loss: 0.0000, Entropy: -2.6298
2025-09-26 19:05:45,546 - INFO - Step 2549760 - Actor Loss: -0.0034, Critic Loss: 0.0000, Entropy: -2.6041
2025-09-26 19:05:46,461 - INFO - Step 2551808 - Actor Loss: -0.0030, Critic Loss: 0.0000, Entropy: -2.6283
2025-09-26 19:05:47,422 - INFO - Step 2553856 - Actor Loss: -0.0021, Critic Loss: 0.0045, Entropy: -2.6288
2025-09-26 19:05:48,342 - INFO - Step 2555904 - Actor Loss: -0.0137, Critic Loss: 0.0000, Entropy: -2.6544
2025-09-26 19:05:49,254 - INFO - Step 2557952 - Actor Loss: -0.0014, Critic Loss: 0.0000, Entropy: -2.6212
2025-09-26 19:05:50,167 - INFO - Step 2560000 - Actor Loss: -0.0032, Critic Loss: 0.0000, Entropy: -2.6306
2025-09-26 19:05:51,078 - INFO - Step 2562048 - Actor Loss: -0.0037, Critic Loss: 0.0000, Entropy: -2.6171
2025-09-26 19:05:51,854 - INFO - Episode 640/1000 - Avg Reward: 0.11, Avg Length: 4000.0, Last Reward: 0.00
2025-09-26 19:05:51,908 - INFO - Step 2564096 - Actor Loss: -0.0135, Critic Loss: 0.0000, Entropy: -2.3521
2025-09-26 19:05:52,820 - INFO - Step 2566144 - Actor Loss: -0.0055, Critic Loss: 0.0000, Entropy: -2.6252
2025-09-26 19:05:53,657 - INFO - Step 2568192 - Actor Loss: -0.0055, Critic Loss: 0.0000, Entropy: -2.4648
2025-09-26 19:05:54,626 - INFO - Step 2570240 - Actor Loss: -0.0066, Critic Loss: 0.0000, Entropy: -2.6313
2025-09-26 19:05:55,464 - INFO - Step 2572288 - Actor Loss: -0.0023, Critic Loss: 0.0000, Entropy: -2.5154
2025-09-26 19:05:56,376 - INFO - Step 2574336 - Actor Loss: -0.0001, Critic Loss: 0.0000, Entropy: -2.6254
2025-09-26 19:05:57,222 - INFO - Step 2576384 - Actor Loss: -0.0010, Critic Loss: 0.0000, Entropy: -2.5358
2025-09-26 19:05:58,135 - INFO - Step 2578432 - Actor Loss: -0.0009, Critic Loss: 0.0000, Entropy: -2.6260
2025-09-26 19:05:58,985 - INFO - Step 2580480 - Actor Loss: -0.0010, Critic Loss: 0.0000, Entropy: -2.5771
2025-09-26 19:05:59,897 - INFO - Step 2582528 - Actor Loss: -0.0007, Critic Loss: 0.0000, Entropy: -2.6222
2025-09-26 19:06:00,750 - INFO - Step 2584576 - Actor Loss: -0.0013, Critic Loss: 0.0000, Entropy: -2.5531
2025-09-26 19:06:01,719 - INFO - Step 2586624 - Actor Loss: -0.0002, Critic Loss: 0.0000, Entropy: -2.6238
2025-09-26 19:06:02,576 - INFO - Step 2588672 - Actor Loss: -0.0004, Critic Loss: 0.0000, Entropy: -2.5957
2025-09-26 19:06:03,488 - INFO - Step 2590720 - Actor Loss: -0.0004, Critic Loss: 0.0000, Entropy: -2.6179
2025-09-26 19:06:04,345 - INFO - Step 2592768 - Actor Loss: -0.0020, Critic Loss: 0.0000, Entropy: -2.5847
2025-09-26 19:06:05,262 - INFO - Step 2594816 - Actor Loss: -0.0003, Critic Loss: 0.0000, Entropy: -2.6271
2025-09-26 19:06:06,121 - INFO - Step 2596864 - Actor Loss: -0.0011, Critic Loss: 0.0000, Entropy: -2.5849
2025-09-26 19:06:07,033 - INFO - Step 2598912 - Actor Loss: -0.0005, Critic Loss: 0.0000, Entropy: -2.6189
2025-09-26 19:06:07,899 - INFO - Step 2600960 - Actor Loss: -0.0001, Critic Loss: 0.0000, Entropy: -2.5931
2025-09-26 19:06:08,872 - INFO - Step 2603008 - Actor Loss: -0.0001, Critic Loss: 0.0000, Entropy: -2.6223
2025-09-26 19:06:09,267 - INFO - Episode 650/1000 - Avg Reward: 0.10, Avg Length: 4000.0, Last Reward: 0.00
2025-09-26 19:06:09,269 - INFO - Checkpoint saved: /home/andres2020/Dev/RL-FL-Research/neatfa-tameem/argos/../logs/ppo_cpfa_20250926_184651/ppo_cpfa_episode_650.pt
2025-09-26 19:06:09,745 - INFO - Step 2605056 - Actor Loss: -0.0003, Critic Loss: 0.0000, Entropy: -2.5990
2025-09-26 19:06:10,660 - INFO - Step 2607104 - Actor Loss: -0.0013, Critic Loss: 0.0000, Entropy: -2.6146
2025-09-26 19:06:11,531 - INFO - Step 2609152 - Actor Loss: -0.0006, Critic Loss: 0.0000, Entropy: -2.5850
2025-09-26 19:06:12,444 - INFO - Step 2611200 - Actor Loss: -0.0003, Critic Loss: 0.0000, Entropy: -2.6131
2025-09-26 19:06:13,324 - INFO - Step 2613248 - Actor Loss: -0.0006, Critic Loss: 0.0000, Entropy: -2.5991
2025-09-26 19:06:14,236 - INFO - Step 2615296 - Actor Loss: -0.0011, Critic Loss: 0.0000, Entropy: -2.6076
2025-09-26 19:06:15,118 - INFO - Step 2617344 - Actor Loss: -0.0004, Critic Loss: 0.0000, Entropy: -2.5917
2025-09-26 19:06:16,088 - INFO - Step 2619392 - Actor Loss: -0.0009, Critic Loss: 0.0000, Entropy: -2.6107
2025-09-26 19:06:16,976 - INFO - Step 2621440 - Actor Loss: -0.0006, Critic Loss: 0.0000, Entropy: -2.5759
2025-09-26 19:06:17,892 - INFO - Step 2623488 - Actor Loss: -0.0006, Critic Loss: 0.0000, Entropy: -2.6060
2025-09-26 19:06:18,785 - INFO - Step 2625536 - Actor Loss: -0.0002, Critic Loss: 0.0000, Entropy: -2.5882
2025-09-26 19:06:19,703 - INFO - Step 2627584 - Actor Loss: -0.0016, Critic Loss: 0.0000, Entropy: -2.6062
2025-09-26 19:06:20,603 - INFO - Step 2629632 - Actor Loss: 0.0002, Critic Loss: 0.0000, Entropy: -2.5772
2025-09-26 19:06:21,528 - INFO - Step 2631680 - Actor Loss: -0.0005, Critic Loss: 0.0000, Entropy: -2.5942
2025-09-26 19:06:22,428 - INFO - Step 2633728 - Actor Loss: -0.0010, Critic Loss: 0.0000, Entropy: -2.5919
2025-09-26 19:06:23,396 - INFO - Step 2635776 - Actor Loss: -0.0010, Critic Loss: 0.0000, Entropy: -2.6062
2025-09-26 19:06:24,298 - INFO - Step 2637824 - Actor Loss: -0.0008, Critic Loss: 0.0000, Entropy: -2.5934
2025-09-26 19:06:25,205 - INFO - Step 2639872 - Actor Loss: -0.0006, Critic Loss: 0.0000, Entropy: -2.6083
2025-09-26 19:06:26,106 - INFO - Step 2641920 - Actor Loss: 0.0001, Critic Loss: 0.0000, Entropy: -2.5798
2025-09-26 19:06:27,017 - INFO - Step 2643968 - Actor Loss: -0.0002, Critic Loss: 0.0000, Entropy: -2.6088
2025-09-26 19:06:27,031 - INFO - Episode 660/1000 - Avg Reward: 0.10, Avg Length: 4000.0, Last Reward: 0.00
2025-09-26 19:06:27,931 - INFO - Step 2646016 - Actor Loss: -0.0003, Critic Loss: 0.0000, Entropy: -2.5859
2025-09-26 19:06:28,767 - INFO - Step 2648064 - Actor Loss: -0.0038, Critic Loss: 0.0000, Entropy: -2.1505
2025-09-26 19:06:29,732 - INFO - Step 2650112 - Actor Loss: -0.0007, Critic Loss: 0.0000, Entropy: -2.6137
2025-09-26 19:06:30,566 - INFO - Step 2652160 - Actor Loss: -0.0080, Critic Loss: 0.0000, Entropy: -2.4545
2025-09-26 19:06:31,476 - INFO - Step 2654208 - Actor Loss: 0.0001, Critic Loss: 0.0000, Entropy: -2.6156
2025-09-26 19:06:32,322 - INFO - Step 2656256 - Actor Loss: -0.0055, Critic Loss: 0.0000, Entropy: -2.5616
2025-09-26 19:06:33,266 - INFO - Step 2658304 - Actor Loss: -0.0031, Critic Loss: 0.0000, Entropy: -2.6216
2025-09-26 19:06:34,169 - INFO - Step 2660352 - Actor Loss: -0.0003, Critic Loss: 0.0000, Entropy: -2.5885
2025-09-26 19:06:35,099 - INFO - Step 2662400 - Actor Loss: -0.0035, Critic Loss: 0.0000, Entropy: -2.6187
2025-09-26 19:06:36,012 - INFO - Step 2664448 - Actor Loss: -0.0050, Critic Loss: 0.0000, Entropy: -2.5587
2025-09-26 19:06:36,943 - INFO - Step 2666496 - Actor Loss: -0.0008, Critic Loss: 0.0000, Entropy: -2.6231
2025-09-26 19:06:37,808 - INFO - Step 2668544 - Actor Loss: -0.0010, Critic Loss: 0.0000, Entropy: -2.5975
2025-09-26 19:06:38,739 - INFO - Step 2670592 - Actor Loss: 0.0005, Critic Loss: 0.0000, Entropy: -2.6271
2025-09-26 19:06:39,606 - INFO - Step 2672640 - Actor Loss: -0.0002, Critic Loss: 0.0000, Entropy: -2.5841
2025-09-26 19:06:40,525 - INFO - Step 2674688 - Actor Loss: -0.0008, Critic Loss: 0.0000, Entropy: -2.6253
2025-09-26 19:06:41,389 - INFO - Step 2676736 - Actor Loss: -0.0020, Critic Loss: 0.0000, Entropy: -2.5755
2025-09-26 19:06:42,306 - INFO - Step 2678784 - Actor Loss: -0.0027, Critic Loss: 0.0000, Entropy: -2.6318
2025-09-26 19:06:43,227 - INFO - Step 2680832 - Actor Loss: 0.0001, Critic Loss: 0.0000, Entropy: -2.6164
2025-09-26 19:06:44,145 - INFO - Step 2682880 - Actor Loss: -0.0005, Critic Loss: 0.0000, Entropy: -2.6392
2025-09-26 19:06:44,592 - INFO - Episode 670/1000 - Avg Reward: 0.07, Avg Length: 4000.0, Last Reward: 0.00
2025-09-26 19:06:45,018 - INFO - Step 2684928 - Actor Loss: -0.0015, Critic Loss: 0.0000, Entropy: -2.6140
2025-09-26 19:06:45,934 - INFO - Step 2686976 - Actor Loss: 0.0000, Critic Loss: 0.0040, Entropy: -2.6668
2025-09-26 19:06:46,818 - INFO - Step 2689024 - Actor Loss: -0.0015, Critic Loss: 0.0000, Entropy: -2.6271
2025-09-26 19:06:47,743 - INFO - Step 2691072 - Actor Loss: -0.0042, Critic Loss: 0.0000, Entropy: -2.6419
2025-09-26 19:06:48,626 - INFO - Step 2693120 - Actor Loss: -0.0068, Critic Loss: 0.0000, Entropy: -2.6325
2025-09-26 19:06:49,599 - INFO - Step 2695168 - Actor Loss: -0.0041, Critic Loss: 0.0000, Entropy: -2.6515
2025-09-26 19:06:50,482 - INFO - Step 2697216 - Actor Loss: -0.0012, Critic Loss: 0.0000, Entropy: -2.6430
2025-09-26 19:06:51,398 - INFO - Step 2699264 - Actor Loss: 0.0011, Critic Loss: 0.0000, Entropy: -2.6561
2025-09-26 19:06:52,277 - INFO - Step 2701312 - Actor Loss: -0.0005, Critic Loss: 0.0000, Entropy: -2.6479
2025-09-26 19:06:53,189 - INFO - Step 2703360 - Actor Loss: -0.0011, Critic Loss: 0.0000, Entropy: -2.6581
2025-09-26 19:06:54,070 - INFO - Step 2705408 - Actor Loss: -0.0001, Critic Loss: 0.0000, Entropy: -2.6466
2025-09-26 19:06:54,983 - INFO - Step 2707456 - Actor Loss: -0.0006, Critic Loss: 0.0000, Entropy: -2.6541
2025-09-26 19:06:55,867 - INFO - Step 2709504 - Actor Loss: -0.0005, Critic Loss: 0.0000, Entropy: -2.6485
2025-09-26 19:06:56,839 - INFO - Step 2711552 - Actor Loss: -0.0013, Critic Loss: 0.0000, Entropy: -2.6611
2025-09-26 19:06:57,729 - INFO - Step 2713600 - Actor Loss: 0.0001, Critic Loss: 0.0000, Entropy: -2.6500
2025-09-26 19:06:58,640 - INFO - Step 2715648 - Actor Loss: -0.0000, Critic Loss: 0.0000, Entropy: -2.6567
2025-09-26 19:06:59,536 - INFO - Step 2717696 - Actor Loss: -0.0002, Critic Loss: 0.0000, Entropy: -2.6535
2025-09-26 19:07:00,452 - INFO - Step 2719744 - Actor Loss: -0.0003, Critic Loss: 0.0000, Entropy: -2.6599
2025-09-26 19:07:01,357 - INFO - Step 2721792 - Actor Loss: -0.0004, Critic Loss: 0.0000, Entropy: -2.6568
2025-09-26 19:07:02,271 - INFO - Step 2723840 - Actor Loss: -0.0009, Critic Loss: 0.0000, Entropy: -2.6638
2025-09-26 19:07:02,338 - INFO - Episode 680/1000 - Avg Reward: 0.08, Avg Length: 4000.0, Last Reward: 0.00
2025-09-26 19:07:03,243 - INFO - Step 2725888 - Actor Loss: -0.0004, Critic Loss: 0.0000, Entropy: -2.6600
2025-09-26 19:07:04,160 - INFO - Step 2727936 - Actor Loss: -0.0003, Critic Loss: 0.0000, Entropy: -2.6629
2025-09-26 19:07:05,079 - INFO - Step 2729984 - Actor Loss: -0.0002, Critic Loss: 0.0000, Entropy: -2.6636
2025-09-26 19:07:05,911 - INFO - Step 2732032 - Actor Loss: -0.0132, Critic Loss: 0.0000, Entropy: -2.4067
2025-09-26 19:07:06,827 - INFO - Step 2734080 - Actor Loss: -0.0003, Critic Loss: 0.0000, Entropy: -2.6684
2025-09-26 19:07:07,667 - INFO - Step 2736128 - Actor Loss: -0.0047, Critic Loss: 0.0000, Entropy: -2.5827
2025-09-26 19:07:08,589 - INFO - Step 2738176 - Actor Loss: -0.0073, Critic Loss: 0.0000, Entropy: -2.6803
2025-09-26 19:07:09,532 - INFO - Step 2740224 - Actor Loss: -0.0049, Critic Loss: 0.0000, Entropy: -2.6415
2025-09-26 19:07:10,451 - INFO - Step 2742272 - Actor Loss: -0.0017, Critic Loss: 0.0000, Entropy: -2.6770
2025-09-26 19:07:11,328 - INFO - Step 2744320 - Actor Loss: 0.0013, Critic Loss: 0.0000, Entropy: -2.6656
2025-09-26 19:07:12,268 - INFO - Step 2746368 - Actor Loss: -0.0003, Critic Loss: 0.0000, Entropy: -2.6800
2025-09-26 19:07:13,125 - INFO - Step 2748416 - Actor Loss: -0.0016, Critic Loss: 0.0000, Entropy: -2.6573
2025-09-26 19:07:14,046 - INFO - Step 2750464 - Actor Loss: -0.0005, Critic Loss: 0.0000, Entropy: -2.6778
2025-09-26 19:07:14,899 - INFO - Step 2752512 - Actor Loss: -0.0011, Critic Loss: 0.0000, Entropy: -2.6735
2025-09-26 19:07:15,871 - INFO - Step 2754560 - Actor Loss: -0.0001, Critic Loss: 0.0000, Entropy: -2.6776
2025-09-26 19:07:16,719 - INFO - Step 2756608 - Actor Loss: -0.0005, Critic Loss: 0.0000, Entropy: -2.6711
2025-09-26 19:07:17,647 - INFO - Step 2758656 - Actor Loss: -0.0005, Critic Loss: 0.0000, Entropy: -2.6768
2025-09-26 19:07:18,532 - INFO - Step 2760704 - Actor Loss: -0.0006, Critic Loss: 0.0000, Entropy: -2.6653
2025-09-26 19:07:19,488 - INFO - Step 2762752 - Actor Loss: -0.0001, Critic Loss: 0.0000, Entropy: -2.6795
2025-09-26 19:07:20,013 - INFO - Episode 690/1000 - Avg Reward: 0.08, Avg Length: 4000.0, Last Reward: 0.00
2025-09-26 19:07:20,390 - INFO - Step 2764800 - Actor Loss: -0.0007, Critic Loss: 0.0000, Entropy: -2.6703
2025-09-26 19:07:21,337 - INFO - Step 2766848 - Actor Loss: -0.0016, Critic Loss: 0.0000, Entropy: -2.6779
2025-09-26 19:07:22,236 - INFO - Step 2768896 - Actor Loss: -0.0004, Critic Loss: 0.0000, Entropy: -2.6616
2025-09-26 19:07:23,238 - INFO - Step 2770944 - Actor Loss: -0.0002, Critic Loss: 0.0000, Entropy: -2.6775
2025-09-26 19:07:24,131 - INFO - Step 2772992 - Actor Loss: -0.0014, Critic Loss: 0.0000, Entropy: -2.6723
2025-09-26 19:07:25,077 - INFO - Step 2775040 - Actor Loss: -0.0006, Critic Loss: 0.0000, Entropy: -2.6726
2025-09-26 19:07:25,985 - INFO - Step 2777088 - Actor Loss: -0.0004, Critic Loss: 0.0000, Entropy: -2.6707
2025-09-26 19:07:26,937 - INFO - Step 2779136 - Actor Loss: -0.0003, Critic Loss: 0.0000, Entropy: -2.6778
2025-09-26 19:07:27,844 - INFO - Step 2781184 - Actor Loss: -0.0004, Critic Loss: 0.0000, Entropy: -2.6697
2025-09-26 19:07:28,792 - INFO - Step 2783232 - Actor Loss: -0.0010, Critic Loss: 0.0000, Entropy: -2.6744
2025-09-26 19:07:29,703 - INFO - Step 2785280 - Actor Loss: -0.0007, Critic Loss: 0.0000, Entropy: -2.6727
2025-09-26 19:07:30,646 - INFO - Step 2787328 - Actor Loss: 0.0003, Critic Loss: 0.0000, Entropy: -2.6750
2025-09-26 19:07:31,604 - INFO - Step 2789376 - Actor Loss: -0.0002, Critic Loss: 0.0059, Entropy: -2.6740
2025-09-26 19:07:32,517 - INFO - Step 2791424 - Actor Loss: -0.0064, Critic Loss: 0.0000, Entropy: -2.6877
2025-09-26 19:07:33,409 - INFO - Step 2793472 - Actor Loss: -0.0051, Critic Loss: 0.0000, Entropy: -2.6700
2025-09-26 19:07:34,329 - INFO - Step 2795520 - Actor Loss: 0.0004, Critic Loss: 0.0000, Entropy: -2.6770
2025-09-26 19:07:35,226 - INFO - Step 2797568 - Actor Loss: -0.0005, Critic Loss: 0.0000, Entropy: -2.6717
2025-09-26 19:07:36,185 - INFO - Step 2799616 - Actor Loss: -0.0072, Critic Loss: 0.0000, Entropy: -2.6768
2025-09-26 19:07:37,102 - INFO - Step 2801664 - Actor Loss: -0.0109, Critic Loss: 0.0000, Entropy: -2.6759
2025-09-26 19:07:38,082 - INFO - Step 2803712 - Actor Loss: -0.0091, Critic Loss: 0.0000, Entropy: -2.6753
2025-09-26 19:07:38,200 - INFO - Episode 700/1000 - Avg Reward: 0.09, Avg Length: 4000.0, Last Reward: 0.00
2025-09-26 19:07:38,202 - INFO - Checkpoint saved: /home/andres2020/Dev/RL-FL-Research/neatfa-tameem/argos/../logs/ppo_cpfa_20250926_184651/ppo_cpfa_episode_700.pt
2025-09-26 19:07:38,999 - INFO - Step 2805760 - Actor Loss: -0.0037, Critic Loss: 0.0000, Entropy: -2.6681
2025-09-26 19:07:39,919 - INFO - Step 2807808 - Actor Loss: -0.0005, Critic Loss: 0.0000, Entropy: -2.6683
2025-09-26 19:07:40,841 - INFO - Step 2809856 - Actor Loss: -0.0001, Critic Loss: 0.0000, Entropy: -2.6577
2025-09-26 19:07:41,762 - INFO - Step 2811904 - Actor Loss: -0.0026, Critic Loss: 0.0000, Entropy: -2.6541
2025-09-26 19:07:42,671 - INFO - Step 2813952 - Actor Loss: -0.0005, Critic Loss: 0.0040, Entropy: -2.6645
2025-09-26 19:07:43,648 - INFO - Step 2816000 - Actor Loss: -0.0062, Critic Loss: 0.0000, Entropy: -2.6727
2025-09-26 19:07:44,580 - INFO - Step 2818048 - Actor Loss: -0.0061, Critic Loss: 0.0001, Entropy: -2.6481
2025-09-26 19:07:45,422 - INFO - Step 2820096 - Actor Loss: -0.0081, Critic Loss: 0.0001, Entropy: -2.6240
2025-09-26 19:07:46,348 - INFO - Step 2822144 - Actor Loss: -0.0131, Critic Loss: 0.0000, Entropy: -2.6545
2025-09-26 19:07:47,187 - INFO - Step 2824192 - Actor Loss: -0.0044, Critic Loss: 0.0000, Entropy: -2.6329
2025-09-26 19:07:48,133 - INFO - Step 2826240 - Actor Loss: 0.0023, Critic Loss: 0.0000, Entropy: -2.6659
2025-09-26 19:07:48,984 - INFO - Step 2828288 - Actor Loss: -0.0007, Critic Loss: 0.0000, Entropy: -2.6679
2025-09-26 19:07:49,956 - INFO - Step 2830336 - Actor Loss: -0.0044, Critic Loss: 0.0000, Entropy: -2.6720
2025-09-26 19:07:50,804 - INFO - Step 2832384 - Actor Loss: -0.0020, Critic Loss: 0.0000, Entropy: -2.6575
2025-09-26 19:07:51,738 - INFO - Step 2834432 - Actor Loss: -0.0053, Critic Loss: 0.0000, Entropy: -2.6682
2025-09-26 19:07:52,591 - INFO - Step 2836480 - Actor Loss: 0.0010, Critic Loss: 0.0000, Entropy: -2.6522
2025-09-26 19:07:53,509 - INFO - Step 2838528 - Actor Loss: -0.0008, Critic Loss: 0.0000, Entropy: -2.6620
2025-09-26 19:07:54,362 - INFO - Step 2840576 - Actor Loss: -0.0007, Critic Loss: 0.0000, Entropy: -2.6590
2025-09-26 19:07:55,276 - INFO - Step 2842624 - Actor Loss: -0.0032, Critic Loss: 0.0000, Entropy: -2.6577
2025-09-26 19:07:55,828 - INFO - Episode 710/1000 - Avg Reward: 0.09, Avg Length: 4000.0, Last Reward: 0.00
2025-09-26 19:07:56,139 - INFO - Step 2844672 - Actor Loss: -0.0047, Critic Loss: 0.0000, Entropy: -2.6534
2025-09-26 19:07:57,120 - INFO - Step 2846720 - Actor Loss: -0.0023, Critic Loss: 0.0000, Entropy: -2.6538
2025-09-26 19:07:57,995 - INFO - Step 2848768 - Actor Loss: -0.0050, Critic Loss: 0.0000, Entropy: -2.6598
2025-09-26 19:07:58,915 - INFO - Step 2850816 - Actor Loss: -0.0039, Critic Loss: 0.0000, Entropy: -2.6527
2025-09-26 19:07:59,810 - INFO - Step 2852864 - Actor Loss: -0.0021, Critic Loss: 0.0000, Entropy: -2.6421
2025-09-26 19:08:00,809 - INFO - Step 2854912 - Actor Loss: 0.0005, Critic Loss: 0.0000, Entropy: -2.6645
2025-09-26 19:08:01,765 - INFO - Step 2856960 - Actor Loss: -0.0012, Critic Loss: 0.0000, Entropy: -2.6543
2025-09-26 19:08:02,756 - INFO - Step 2859008 - Actor Loss: -0.0038, Critic Loss: 0.0000, Entropy: -2.6630
2025-09-26 19:08:03,684 - INFO - Step 2861056 - Actor Loss: -0.0062, Critic Loss: 0.0000, Entropy: -2.6533
2025-09-26 19:08:04,740 - INFO - Step 2863104 - Actor Loss: -0.0048, Critic Loss: 0.0000, Entropy: -2.6543
2025-09-26 19:08:05,713 - INFO - Step 2865152 - Actor Loss: -0.0027, Critic Loss: 0.0000, Entropy: -2.6606
2025-09-26 19:08:06,645 - INFO - Step 2867200 - Actor Loss: -0.0110, Critic Loss: 0.0000, Entropy: -2.6503
2025-09-26 19:08:07,615 - INFO - Step 2869248 - Actor Loss: 0.0001, Critic Loss: 0.0000, Entropy: -2.6577
2025-09-26 19:08:08,588 - INFO - Step 2871296 - Actor Loss: -0.0011, Critic Loss: 0.0000, Entropy: -2.6666
2025-09-26 19:08:09,514 - INFO - Step 2873344 - Actor Loss: -0.0003, Critic Loss: 0.0000, Entropy: -2.6643
2025-09-26 19:08:10,438 - INFO - Step 2875392 - Actor Loss: -0.0010, Critic Loss: 0.0000, Entropy: -2.6685
2025-09-26 19:08:11,393 - INFO - Step 2877440 - Actor Loss: -0.0030, Critic Loss: 0.0000, Entropy: -2.6639
2025-09-26 19:08:12,397 - INFO - Step 2879488 - Actor Loss: 0.0003, Critic Loss: 0.0000, Entropy: -2.6650
2025-09-26 19:08:13,337 - INFO - Step 2881536 - Actor Loss: 0.0001, Critic Loss: 0.0000, Entropy: -2.6674
2025-09-26 19:08:14,302 - INFO - Step 2883584 - Actor Loss: -0.0021, Critic Loss: 0.0000, Entropy: -2.6671
2025-09-26 19:08:14,489 - INFO - Episode 720/1000 - Avg Reward: 0.06, Avg Length: 4000.0, Last Reward: 0.00
2025-09-26 19:08:15,240 - INFO - Step 2885632 - Actor Loss: -0.0016, Critic Loss: 0.0000, Entropy: -2.6653
2025-09-26 19:08:16,165 - INFO - Step 2887680 - Actor Loss: -0.0011, Critic Loss: 0.0000, Entropy: -2.6689
2025-09-26 19:08:17,072 - INFO - Step 2889728 - Actor Loss: -0.0019, Critic Loss: 0.0047, Entropy: -2.6686
2025-09-26 19:08:17,999 - INFO - Step 2891776 - Actor Loss: -0.0013, Critic Loss: 0.0001, Entropy: -2.6781
2025-09-26 19:08:18,917 - INFO - Step 2893824 - Actor Loss: -0.0016, Critic Loss: 0.0000, Entropy: -2.6700
2025-09-26 19:08:19,894 - INFO - Step 2895872 - Actor Loss: -0.0015, Critic Loss: 0.0000, Entropy: -2.6689
2025-09-26 19:08:20,812 - INFO - Step 2897920 - Actor Loss: -0.0003, Critic Loss: 0.0000, Entropy: -2.6661
2025-09-26 19:08:21,760 - INFO - Step 2899968 - Actor Loss: -0.0031, Critic Loss: 0.0000, Entropy: -2.6632
2025-09-26 19:08:22,681 - INFO - Step 2902016 - Actor Loss: -0.0021, Critic Loss: 0.0000, Entropy: -2.6549
2025-09-26 19:08:23,532 - INFO - Step 2904064 - Actor Loss: -0.0219, Critic Loss: 0.0000, Entropy: -2.6445
2025-09-26 19:08:24,466 - INFO - Step 2906112 - Actor Loss: -0.0059, Critic Loss: 0.0000, Entropy: -2.6562
2025-09-26 19:08:25,321 - INFO - Step 2908160 - Actor Loss: -0.0175, Critic Loss: 0.0000, Entropy: -2.6289
2025-09-26 19:08:26,314 - INFO - Step 2910208 - Actor Loss: -0.0049, Critic Loss: 0.0000, Entropy: -2.6500
2025-09-26 19:08:27,167 - INFO - Step 2912256 - Actor Loss: -0.0117, Critic Loss: 0.0000, Entropy: -2.6310
2025-09-26 19:08:28,084 - INFO - Step 2914304 - Actor Loss: -0.0053, Critic Loss: 0.0000, Entropy: -2.6459
2025-09-26 19:08:29,015 - INFO - Step 2916352 - Actor Loss: -0.0059, Critic Loss: 0.0000, Entropy: -2.6422
2025-09-26 19:08:30,021 - INFO - Step 2918400 - Actor Loss: -0.0065, Critic Loss: 0.0000, Entropy: -2.6438
2025-09-26 19:08:30,955 - INFO - Step 2920448 - Actor Loss: -0.0053, Critic Loss: 0.0000, Entropy: -2.6309
2025-09-26 19:08:31,977 - INFO - Step 2922496 - Actor Loss: -0.0027, Critic Loss: 0.0000, Entropy: -2.6386
2025-09-26 19:08:32,705 - INFO - Episode 730/1000 - Avg Reward: 0.06, Avg Length: 4000.0, Last Reward: 0.00
2025-09-26 19:08:32,988 - INFO - Step 2924544 - Actor Loss: -0.0021, Critic Loss: 0.0000, Entropy: -2.6314
2025-09-26 19:08:34,017 - INFO - Step 2926592 - Actor Loss: -0.0026, Critic Loss: 0.0000, Entropy: -2.6376
2025-09-26 19:08:34,966 - INFO - Step 2928640 - Actor Loss: -0.0032, Critic Loss: 0.0000, Entropy: -2.6136
2025-09-26 19:08:35,969 - INFO - Step 2930688 - Actor Loss: -0.0014, Critic Loss: 0.0000, Entropy: -2.6314
2025-09-26 19:08:36,919 - INFO - Step 2932736 - Actor Loss: -0.0017, Critic Loss: 0.0000, Entropy: -2.6131
2025-09-26 19:08:37,955 - INFO - Step 2934784 - Actor Loss: -0.0021, Critic Loss: 0.0000, Entropy: -2.6342
2025-09-26 19:08:38,914 - INFO - Step 2936832 - Actor Loss: 0.0002, Critic Loss: 0.0000, Entropy: -2.6049
2025-09-26 19:08:39,923 - INFO - Step 2938880 - Actor Loss: -0.0008, Critic Loss: 0.0000, Entropy: -2.6208
2025-09-26 19:08:40,876 - INFO - Step 2940928 - Actor Loss: -0.0013, Critic Loss: 0.0000, Entropy: -2.6251
2025-09-26 19:08:41,944 - INFO - Step 2942976 - Actor Loss: -0.0007, Critic Loss: 0.0000, Entropy: -2.6095
2025-09-26 19:08:42,884 - INFO - Step 2945024 - Actor Loss: -0.0019, Critic Loss: 0.0000, Entropy: -2.5965
2025-09-26 19:08:43,862 - INFO - Step 2947072 - Actor Loss: -0.0017, Critic Loss: 0.0000, Entropy: -2.6083
2025-09-26 19:08:44,809 - INFO - Step 2949120 - Actor Loss: -0.0026, Critic Loss: 0.0000, Entropy: -2.5968
2025-09-26 19:08:45,797 - INFO - Step 2951168 - Actor Loss: -0.0036, Critic Loss: 0.0000, Entropy: -2.6056
2025-09-26 19:08:46,672 - INFO - Step 2953216 - Actor Loss: -0.0006, Critic Loss: 0.0000, Entropy: -2.5976
2025-09-26 19:08:47,606 - INFO - Step 2955264 - Actor Loss: -0.0029, Critic Loss: 0.0000, Entropy: -2.5962
2025-09-26 19:08:48,492 - INFO - Step 2957312 - Actor Loss: -0.0019, Critic Loss: 0.0000, Entropy: -2.5724
2025-09-26 19:08:49,403 - INFO - Step 2959360 - Actor Loss: -0.0005, Critic Loss: 0.0000, Entropy: -2.5809
2025-09-26 19:08:50,337 - INFO - Step 2961408 - Actor Loss: -0.0010, Critic Loss: 0.0000, Entropy: -2.5736
2025-09-26 19:08:51,247 - INFO - Step 2963456 - Actor Loss: -0.0017, Critic Loss: 0.0000, Entropy: -2.5763
2025-09-26 19:08:51,464 - INFO - Episode 740/1000 - Avg Reward: 0.04, Avg Length: 4000.0, Last Reward: 0.00
2025-09-26 19:08:52,141 - INFO - Step 2965504 - Actor Loss: -0.0010, Critic Loss: 0.0000, Entropy: -2.5762
2025-09-26 19:08:53,057 - INFO - Step 2967552 - Actor Loss: -0.0004, Critic Loss: 0.0000, Entropy: -2.5481
2025-09-26 19:08:53,956 - INFO - Step 2969600 - Actor Loss: -0.0004, Critic Loss: 0.0000, Entropy: -2.5516
2025-09-26 19:08:54,892 - INFO - Step 2971648 - Actor Loss: -0.0019, Critic Loss: 0.0000, Entropy: -2.5663
2025-09-26 19:08:55,833 - INFO - Step 2973696 - Actor Loss: -0.0007, Critic Loss: 0.0000, Entropy: -2.5496
2025-09-26 19:08:56,817 - INFO - Step 2975744 - Actor Loss: -0.0039, Critic Loss: 0.0000, Entropy: -2.5669
2025-09-26 19:08:57,728 - INFO - Step 2977792 - Actor Loss: -0.0016, Critic Loss: 0.0000, Entropy: -2.5641
2025-09-26 19:08:58,655 - INFO - Step 2979840 - Actor Loss: -0.0027, Critic Loss: 0.0000, Entropy: -2.5650
2025-09-26 19:08:59,626 - INFO - Step 2981888 - Actor Loss: 0.0006, Critic Loss: 0.0043, Entropy: -2.6175
2025-09-26 19:09:00,561 - INFO - Step 2983936 - Actor Loss: -0.0059, Critic Loss: 0.0000, Entropy: -2.6414
2025-09-26 19:09:01,510 - INFO - Step 2985984 - Actor Loss: -0.0024, Critic Loss: 0.0000, Entropy: -2.5579
2025-09-26 19:09:02,371 - INFO - Step 2988032 - Actor Loss: -0.0163, Critic Loss: 0.0000, Entropy: -2.3595
2025-09-26 19:09:03,406 - INFO - Step 2990080 - Actor Loss: -0.0045, Critic Loss: 0.0000, Entropy: -2.5612
2025-09-26 19:09:04,268 - INFO - Step 2992128 - Actor Loss: -0.0050, Critic Loss: 0.0000, Entropy: -2.5394
2025-09-26 19:09:05,252 - INFO - Step 2994176 - Actor Loss: -0.0036, Critic Loss: 0.0000, Entropy: -2.5598
2025-09-26 19:09:06,122 - INFO - Step 2996224 - Actor Loss: -0.0077, Critic Loss: 0.0000, Entropy: -2.5748
2025-09-26 19:09:07,068 - INFO - Step 2998272 - Actor Loss: -0.0035, Critic Loss: 0.0000, Entropy: -2.5712
2025-09-26 19:09:07,953 - INFO - Step 3000320 - Actor Loss: -0.0006, Critic Loss: 0.0000, Entropy: -2.5796
2025-09-26 19:09:08,896 - INFO - Step 3002368 - Actor Loss: -0.0002, Critic Loss: 0.0000, Entropy: -2.5744
2025-09-26 19:09:09,590 - INFO - Episode 750/1000 - Avg Reward: 0.05, Avg Length: 4000.0, Last Reward: 0.00
2025-09-26 19:09:09,592 - INFO - Checkpoint saved: /home/andres2020/Dev/RL-FL-Research/neatfa-tameem/argos/../logs/ppo_cpfa_20250926_184651/ppo_cpfa_episode_750.pt
2025-09-26 19:09:09,805 - INFO - Step 3004416 - Actor Loss: -0.0016, Critic Loss: 0.0000, Entropy: -2.5938
2025-09-26 19:09:10,795 - INFO - Step 3006464 - Actor Loss: -0.0018, Critic Loss: 0.0000, Entropy: -2.5942
2025-09-26 19:09:11,666 - INFO - Step 3008512 - Actor Loss: -0.0022, Critic Loss: 0.0000, Entropy: -2.6332
2025-09-26 19:09:12,643 - INFO - Step 3010560 - Actor Loss: -0.0011, Critic Loss: 0.0000, Entropy: -2.6048
2025-09-26 19:09:13,509 - INFO - Step 3012608 - Actor Loss: -0.0007, Critic Loss: 0.0128, Entropy: -2.6555
2025-09-26 19:09:14,462 - INFO - Step 3014656 - Actor Loss: -0.0129, Critic Loss: 0.0002, Entropy: -2.6621
2025-09-26 19:09:15,324 - INFO - Step 3016704 - Actor Loss: -0.0007, Critic Loss: 0.0111, Entropy: -2.6435
2025-09-26 19:09:16,268 - INFO - Step 3018752 - Actor Loss: -0.0098, Critic Loss: 0.0001, Entropy: -2.6660
2025-09-26 19:09:17,258 - INFO - Step 3020800 - Actor Loss: -0.0080, Critic Loss: 0.0001, Entropy: -2.6215
2025-09-26 19:09:18,266 - INFO - Step 3022848 - Actor Loss: -0.0077, Critic Loss: 0.0000, Entropy: -2.6242
2025-09-26 19:09:19,203 - INFO - Step 3024896 - Actor Loss: -0.0055, Critic Loss: 0.0000, Entropy: -2.6363
2025-09-26 19:09:20,199 - INFO - Step 3026944 - Actor Loss: -0.0055, Critic Loss: 0.0000, Entropy: -2.6518
2025-09-26 19:09:21,082 - INFO - Step 3028992 - Actor Loss: -0.0123, Critic Loss: 0.0000, Entropy: -2.6517
2025-09-26 19:09:21,998 - INFO - Step 3031040 - Actor Loss: -0.0052, Critic Loss: 0.0000, Entropy: -2.6541
2025-09-26 19:09:22,867 - INFO - Step 3033088 - Actor Loss: -0.0102, Critic Loss: 0.0000, Entropy: -2.6572
2025-09-26 19:09:23,788 - INFO - Step 3035136 - Actor Loss: -0.0107, Critic Loss: 0.0000, Entropy: -2.6690
2025-09-26 19:09:24,657 - INFO - Step 3037184 - Actor Loss: 0.0014, Critic Loss: 0.0067, Entropy: -2.5417
2025-09-26 19:09:25,619 - INFO - Step 3039232 - Actor Loss: -0.0009, Critic Loss: 0.0001, Entropy: -2.1567
2025-09-26 19:09:26,491 - INFO - Step 3041280 - Actor Loss: -0.0008, Critic Loss: 0.0000, Entropy: -2.5695
2025-09-26 19:09:27,402 - INFO - Step 3043328 - Actor Loss: -0.0003, Critic Loss: 0.0000, Entropy: -2.4382
2025-09-26 19:09:27,669 - INFO - Episode 760/1000 - Avg Reward: 0.08, Avg Length: 4000.0, Last Reward: 0.00
2025-09-26 19:09:28,285 - INFO - Step 3045376 - Actor Loss: -0.0023, Critic Loss: 0.0000, Entropy: -2.4793
2025-09-26 19:09:29,197 - INFO - Step 3047424 - Actor Loss: -0.0014, Critic Loss: 0.0000, Entropy: -2.5445
2025-09-26 19:09:30,083 - INFO - Step 3049472 - Actor Loss: -0.0065, Critic Loss: 0.0000, Entropy: -2.6839
2025-09-26 19:09:30,991 - INFO - Step 3051520 - Actor Loss: -0.0015, Critic Loss: 0.0000, Entropy: -2.6728
2025-09-26 19:09:31,885 - INFO - Step 3053568 - Actor Loss: -0.0014, Critic Loss: 0.0000, Entropy: -2.6752
2025-09-26 19:09:32,868 - INFO - Step 3055616 - Actor Loss: -0.0013, Critic Loss: 0.0000, Entropy: -2.6711
2025-09-26 19:09:33,765 - INFO - Step 3057664 - Actor Loss: -0.0008, Critic Loss: 0.0000, Entropy: -2.6726
2025-09-26 19:09:34,682 - INFO - Step 3059712 - Actor Loss: -0.0012, Critic Loss: 0.0000, Entropy: -2.6686
2025-09-26 19:09:35,579 - INFO - Step 3061760 - Actor Loss: -0.0032, Critic Loss: 0.0000, Entropy: -2.6665
2025-09-26 19:09:36,499 - INFO - Step 3063808 - Actor Loss: -0.0039, Critic Loss: 0.0000, Entropy: -2.6656
2025-09-26 19:09:37,408 - INFO - Step 3065856 - Actor Loss: -0.0031, Critic Loss: 0.0000, Entropy: -2.6666
2025-09-26 19:09:38,322 - INFO - Step 3067904 - Actor Loss: -0.0072, Critic Loss: 0.0000, Entropy: -2.6781
2025-09-26 19:09:39,288 - INFO - Step 3069952 - Actor Loss: -0.0054, Critic Loss: 0.0000, Entropy: -2.6755
2025-09-26 19:09:40,200 - INFO - Step 3072000 - Actor Loss: -0.0016, Critic Loss: 0.0000, Entropy: -2.6848
2025-09-26 19:09:41,108 - INFO - Step 3074048 - Actor Loss: -0.0021, Critic Loss: 0.0000, Entropy: -2.6854
2025-09-26 19:09:41,944 - INFO - Step 3076096 - Actor Loss: -0.0059, Critic Loss: 0.0000, Entropy: -2.6744
2025-09-26 19:09:42,855 - INFO - Step 3078144 - Actor Loss: -0.0005, Critic Loss: 0.0000, Entropy: -2.3687
2025-09-26 19:09:43,692 - INFO - Step 3080192 - Actor Loss: -0.0044, Critic Loss: 0.0000, Entropy: -2.6576
2025-09-26 19:09:44,602 - INFO - Step 3082240 - Actor Loss: 0.0005, Critic Loss: 0.0039, Entropy: -1.9443
2025-09-26 19:09:45,357 - INFO - Episode 770/1000 - Avg Reward: 0.09, Avg Length: 4000.0, Last Reward: 1.00
2025-09-26 19:09:45,497 - INFO - Step 3084288 - Actor Loss: -0.0058, Critic Loss: 0.0000, Entropy: -2.5871
2025-09-26 19:09:46,412 - INFO - Step 3086336 - Actor Loss: 0.0006, Critic Loss: 0.0000, Entropy: -1.8614
2025-09-26 19:09:47,260 - INFO - Step 3088384 - Actor Loss: -0.0025, Critic Loss: 0.0000, Entropy: -1.7584
2025-09-26 19:09:48,170 - INFO - Step 3090432 - Actor Loss: 0.0005, Critic Loss: 0.0000, Entropy: -1.6593
2025-09-26 19:09:49,017 - INFO - Step 3092480 - Actor Loss: -0.0018, Critic Loss: 0.0000, Entropy: -1.6708
2025-09-26 19:09:49,931 - INFO - Step 3094528 - Actor Loss: -0.0010, Critic Loss: 0.0000, Entropy: -1.5382
2025-09-26 19:09:50,780 - INFO - Step 3096576 - Actor Loss: -0.0013, Critic Loss: 0.0000, Entropy: -1.4999
2025-09-26 19:09:51,746 - INFO - Step 3098624 - Actor Loss: -0.0009, Critic Loss: 0.0000, Entropy: -1.6407
2025-09-26 19:09:52,596 - INFO - Step 3100672 - Actor Loss: -0.0017, Critic Loss: 0.0000, Entropy: -1.6065
2025-09-26 19:09:53,512 - INFO - Step 3102720 - Actor Loss: -0.0005, Critic Loss: 0.0000, Entropy: -1.8499
2025-09-26 19:09:54,367 - INFO - Step 3104768 - Actor Loss: -0.0010, Critic Loss: 0.0000, Entropy: -2.0978
2025-09-26 19:09:55,281 - INFO - Step 3106816 - Actor Loss: -0.0013, Critic Loss: 0.0000, Entropy: -1.9111
2025-09-26 19:09:56,142 - INFO - Step 3108864 - Actor Loss: -0.0019, Critic Loss: 0.0000, Entropy: -2.0810
2025-09-26 19:09:57,056 - INFO - Step 3110912 - Actor Loss: -0.0015, Critic Loss: 0.0000, Entropy: -2.0996
2025-09-26 19:09:57,921 - INFO - Step 3112960 - Actor Loss: -0.0016, Critic Loss: 0.0000, Entropy: -2.1243
2025-09-26 19:09:58,890 - INFO - Step 3115008 - Actor Loss: -0.0024, Critic Loss: 0.0000, Entropy: -1.8959
2025-09-26 19:09:59,761 - INFO - Step 3117056 - Actor Loss: -0.0019, Critic Loss: 0.0000, Entropy: -1.7875
2025-09-26 19:10:00,676 - INFO - Step 3119104 - Actor Loss: -0.0015, Critic Loss: 0.0000, Entropy: -1.5154
2025-09-26 19:10:01,550 - INFO - Step 3121152 - Actor Loss: -0.0016, Critic Loss: 0.0000, Entropy: -1.4590
2025-09-26 19:10:02,465 - INFO - Step 3123200 - Actor Loss: -0.0003, Critic Loss: 0.0000, Entropy: -1.3577
2025-09-26 19:10:02,782 - INFO - Episode 780/1000 - Avg Reward: 0.08, Avg Length: 4000.0, Last Reward: 0.00
2025-09-26 19:10:03,341 - INFO - Step 3125248 - Actor Loss: -0.0003, Critic Loss: 0.0000, Entropy: -1.3242
2025-09-26 19:10:04,255 - INFO - Step 3127296 - Actor Loss: -0.0011, Critic Loss: 0.0000, Entropy: -1.2415
2025-09-26 19:10:05,138 - INFO - Step 3129344 - Actor Loss: -0.0009, Critic Loss: 0.0000, Entropy: -1.2166
2025-09-26 19:10:06,049 - INFO - Step 3131392 - Actor Loss: -0.0005, Critic Loss: 0.0000, Entropy: -1.1807
2025-09-26 19:10:06,989 - INFO - Step 3133440 - Actor Loss: -0.0014, Critic Loss: 0.0000, Entropy: -1.2521
2025-09-26 19:10:07,902 - INFO - Step 3135488 - Actor Loss: -0.0003, Critic Loss: 0.0000, Entropy: -1.3153
2025-09-26 19:10:08,792 - INFO - Step 3137536 - Actor Loss: -0.0024, Critic Loss: 0.0051, Entropy: -0.9699
2025-09-26 19:10:09,707 - INFO - Step 3139584 - Actor Loss: -0.0021, Critic Loss: 0.0001, Entropy: -1.1138
2025-09-26 19:10:10,597 - INFO - Step 3141632 - Actor Loss: -0.0010, Critic Loss: 0.0001, Entropy: -1.6591
2025-09-26 19:10:11,514 - INFO - Step 3143680 - Actor Loss: -0.0019, Critic Loss: 0.0000, Entropy: -1.7641
2025-09-26 19:10:12,411 - INFO - Step 3145728 - Actor Loss: -0.0020, Critic Loss: 0.0000, Entropy: -1.9568
2025-09-26 19:10:13,385 - INFO - Step 3147776 - Actor Loss: -0.0033, Critic Loss: 0.0000, Entropy: -2.2389
2025-09-26 19:10:14,286 - INFO - Step 3149824 - Actor Loss: -0.0005, Critic Loss: 0.0000, Entropy: -2.5479
2025-09-26 19:10:15,198 - INFO - Step 3151872 - Actor Loss: -0.0059, Critic Loss: 0.0000, Entropy: -2.6009
2025-09-26 19:10:16,103 - INFO - Step 3153920 - Actor Loss: -0.0091, Critic Loss: 0.0000, Entropy: -2.6359
2025-09-26 19:10:17,017 - INFO - Step 3155968 - Actor Loss: -0.0101, Critic Loss: 0.0000, Entropy: -2.6266
2025-09-26 19:10:17,933 - INFO - Step 3158016 - Actor Loss: -0.0113, Critic Loss: 0.0000, Entropy: -2.6308
2025-09-26 19:10:18,761 - INFO - Step 3160064 - Actor Loss: -0.0196, Critic Loss: 0.0000, Entropy: -2.6303
2025-09-26 19:10:19,733 - INFO - Step 3162112 - Actor Loss: -0.0049, Critic Loss: 0.0000, Entropy: -2.6203
2025-09-26 19:10:20,489 - INFO - Episode 790/1000 - Avg Reward: 0.09, Avg Length: 4000.0, Last Reward: 0.00
2025-09-26 19:10:20,571 - INFO - Step 3164160 - Actor Loss: -0.0335, Critic Loss: 0.0000, Entropy: -2.5905
2025-09-26 19:10:21,485 - INFO - Step 3166208 - Actor Loss: -0.0027, Critic Loss: 0.0000, Entropy: -2.5928
2025-09-26 19:10:22,323 - INFO - Step 3168256 - Actor Loss: -0.0028, Critic Loss: 0.0000, Entropy: -2.6022
2025-09-26 19:10:23,236 - INFO - Step 3170304 - Actor Loss: -0.0022, Critic Loss: 0.0000, Entropy: -2.5595
2025-09-26 19:10:24,078 - INFO - Step 3172352 - Actor Loss: -0.0020, Critic Loss: 0.0000, Entropy: -2.5621
2025-09-26 19:10:24,990 - INFO - Step 3174400 - Actor Loss: -0.0016, Critic Loss: 0.0000, Entropy: -2.5402
2025-09-26 19:10:25,890 - INFO - Step 3176448 - Actor Loss: -0.0044, Critic Loss: 0.0000, Entropy: -2.5332
2025-09-26 19:10:26,801 - INFO - Step 3178496 - Actor Loss: 0.0007, Critic Loss: 0.0000, Entropy: -2.5060
2025-09-26 19:10:27,650 - INFO - Step 3180544 - Actor Loss: -0.0043, Critic Loss: 0.0000, Entropy: -2.5024
2025-09-26 19:10:28,561 - INFO - Step 3182592 - Actor Loss: -0.0006, Critic Loss: 0.0000, Entropy: -2.5020
2025-09-26 19:10:29,417 - INFO - Step 3184640 - Actor Loss: -0.0025, Critic Loss: 0.0000, Entropy: -2.5055
2025-09-26 19:10:30,329 - INFO - Step 3186688 - Actor Loss: -0.0014, Critic Loss: 0.0000, Entropy: -2.5362
2025-09-26 19:10:31,186 - INFO - Step 3188736 - Actor Loss: -0.0025, Critic Loss: 0.0000, Entropy: -2.5408
2025-09-26 19:10:32,154 - INFO - Step 3190784 - Actor Loss: -0.0049, Critic Loss: 0.0000, Entropy: -2.5362
2025-09-26 19:10:33,017 - INFO - Step 3192832 - Actor Loss: -0.0034, Critic Loss: 0.0000, Entropy: -2.5605
2025-09-26 19:10:33,928 - INFO - Step 3194880 - Actor Loss: -0.0050, Critic Loss: 0.0000, Entropy: -2.5655
2025-09-26 19:10:34,787 - INFO - Step 3196928 - Actor Loss: -0.0035, Critic Loss: 0.0000, Entropy: -2.5620
2025-09-26 19:10:35,696 - INFO - Step 3198976 - Actor Loss: -0.0011, Critic Loss: 0.0000, Entropy: -2.5672
2025-09-26 19:10:36,565 - INFO - Step 3201024 - Actor Loss: -0.0090, Critic Loss: 0.0000, Entropy: -2.5877
2025-09-26 19:10:37,549 - INFO - Step 3203072 - Actor Loss: -0.0055, Critic Loss: 0.0000, Entropy: -2.5908
2025-09-26 19:10:37,954 - INFO - Episode 800/1000 - Avg Reward: 0.08, Avg Length: 4000.0, Last Reward: 0.00
2025-09-26 19:10:37,963 - INFO - Checkpoint saved: /home/andres2020/Dev/RL-FL-Research/neatfa-tameem/argos/../logs/ppo_cpfa_20250926_184651/ppo_cpfa_episode_800.pt
2025-09-26 19:10:38,512 - INFO - Step 3205120 - Actor Loss: -0.0062, Critic Loss: 0.0000, Entropy: -2.5955
2025-09-26 19:10:39,479 - INFO - Step 3207168 - Actor Loss: -0.0060, Critic Loss: 0.0000, Entropy: -2.5955
2025-09-26 19:10:40,452 - INFO - Step 3209216 - Actor Loss: -0.0064, Critic Loss: 0.0000, Entropy: -2.5919
2025-09-26 19:10:41,396 - INFO - Step 3211264 - Actor Loss: -0.0138, Critic Loss: 0.0000, Entropy: -2.6094
2025-09-26 19:10:42,310 - INFO - Step 3213312 - Actor Loss: -0.0149, Critic Loss: 0.0000, Entropy: -2.5978
2025-09-26 19:10:43,221 - INFO - Step 3215360 - Actor Loss: 0.0008, Critic Loss: 0.0000, Entropy: -2.0738
2025-09-26 19:10:44,105 - INFO - Step 3217408 - Actor Loss: -0.0007, Critic Loss: 0.0000, Entropy: -1.7456
2025-09-26 19:10:45,016 - INFO - Step 3219456 - Actor Loss: -0.0004, Critic Loss: 0.0000, Entropy: -1.6657
2025-09-26 19:10:45,905 - INFO - Step 3221504 - Actor Loss: -0.0003, Critic Loss: 0.0000, Entropy: -1.5501
2025-09-26 19:10:46,871 - INFO - Step 3223552 - Actor Loss: -0.0013, Critic Loss: 0.0000, Entropy: -1.5842
2025-09-26 19:10:47,768 - INFO - Step 3225600 - Actor Loss: -0.0007, Critic Loss: 0.0000, Entropy: -1.4185
2025-09-26 19:10:48,683 - INFO - Step 3227648 - Actor Loss: -0.0002, Critic Loss: 0.0000, Entropy: -1.4853
2025-09-26 19:10:49,587 - INFO - Step 3229696 - Actor Loss: -0.0009, Critic Loss: 0.0047, Entropy: -1.2528
2025-09-26 19:10:50,499 - INFO - Step 3231744 - Actor Loss: -0.0001, Critic Loss: 0.0001, Entropy: -0.6694
2025-09-26 19:10:51,400 - INFO - Step 3233792 - Actor Loss: -0.0014, Critic Loss: 0.0001, Entropy: -1.3291
2025-09-26 19:10:52,372 - INFO - Step 3235840 - Actor Loss: -0.0018, Critic Loss: 0.0039, Entropy: -1.2366
2025-09-26 19:10:53,285 - INFO - Step 3237888 - Actor Loss: -0.0017, Critic Loss: 0.0000, Entropy: -1.6126
2025-09-26 19:10:54,202 - INFO - Step 3239936 - Actor Loss: -0.0018, Critic Loss: 0.0000, Entropy: -1.7854
2025-09-26 19:10:55,113 - INFO - Step 3241984 - Actor Loss: -0.0021, Critic Loss: 0.0000, Entropy: -1.9434
2025-09-26 19:10:55,917 - INFO - Episode 810/1000 - Avg Reward: 0.09, Avg Length: 4000.0, Last Reward: 0.00
2025-09-26 19:10:55,942 - INFO - Step 3244032 - Actor Loss: -0.0085, Critic Loss: 0.0000, Entropy: -2.2267
2025-09-26 19:10:56,858 - INFO - Step 3246080 - Actor Loss: 0.0007, Critic Loss: 0.0000, Entropy: -2.5526
2025-09-26 19:10:57,694 - INFO - Step 3248128 - Actor Loss: -0.0071, Critic Loss: 0.0000, Entropy: -2.5532
2025-09-26 19:10:58,662 - INFO - Step 3250176 - Actor Loss: -0.0029, Critic Loss: 0.0000, Entropy: -2.2204
2025-09-26 19:10:59,500 - INFO - Step 3252224 - Actor Loss: -0.0003, Critic Loss: 0.0000, Entropy: -1.8331
2025-09-26 19:11:00,415 - INFO - Step 3254272 - Actor Loss: -0.0003, Critic Loss: 0.0000, Entropy: -1.8760
2025-09-26 19:11:01,255 - INFO - Step 3256320 - Actor Loss: -0.0034, Critic Loss: 0.0000, Entropy: -2.0245
2025-09-26 19:11:02,169 - INFO - Step 3258368 - Actor Loss: -0.0008, Critic Loss: 0.0000, Entropy: -1.5880
2025-09-26 19:11:03,014 - INFO - Step 3260416 - Actor Loss: -0.0012, Critic Loss: 0.0000, Entropy: -1.6825
2025-09-26 19:11:03,948 - INFO - Step 3262464 - Actor Loss: -0.0009, Critic Loss: 0.0000, Entropy: -1.4974
2025-09-26 19:11:04,798 - INFO - Step 3264512 - Actor Loss: -0.0008, Critic Loss: 0.0000, Entropy: -1.5665
2025-09-26 19:11:05,763 - INFO - Step 3266560 - Actor Loss: -0.0008, Critic Loss: 0.0000, Entropy: -1.5298
2025-09-26 19:11:06,610 - INFO - Step 3268608 - Actor Loss: -0.0033, Critic Loss: 0.0000, Entropy: -1.6109
2025-09-26 19:11:07,519 - INFO - Step 3270656 - Actor Loss: -0.0007, Critic Loss: 0.0000, Entropy: -1.6196
2025-09-26 19:11:08,371 - INFO - Step 3272704 - Actor Loss: -0.0015, Critic Loss: 0.0000, Entropy: -1.6781
2025-09-26 19:11:09,288 - INFO - Step 3274752 - Actor Loss: -0.0027, Critic Loss: 0.0000, Entropy: -1.8430
2025-09-26 19:11:10,151 - INFO - Step 3276800 - Actor Loss: -0.0019, Critic Loss: 0.0000, Entropy: -2.0197
2025-09-26 19:11:11,065 - INFO - Step 3278848 - Actor Loss: -0.0010, Critic Loss: 0.0039, Entropy: -1.6247
2025-09-26 19:11:11,928 - INFO - Step 3280896 - Actor Loss: -0.0045, Critic Loss: 0.0000, Entropy: -2.2946
2025-09-26 19:11:12,897 - INFO - Step 3282944 - Actor Loss: -0.0013, Critic Loss: 0.0000, Entropy: -2.3553
2025-09-26 19:11:13,322 - INFO - Episode 820/1000 - Avg Reward: 0.11, Avg Length: 4000.0, Last Reward: 0.00
2025-09-26 19:11:13,770 - INFO - Step 3284992 - Actor Loss: -0.0013, Critic Loss: 0.0000, Entropy: -2.6506
2025-09-26 19:11:14,683 - INFO - Step 3287040 - Actor Loss: -0.0081, Critic Loss: 0.0000, Entropy: -2.5938
2025-09-26 19:11:15,555 - INFO - Step 3289088 - Actor Loss: -0.0121, Critic Loss: 0.0000, Entropy: -2.6608
2025-09-26 19:11:16,467 - INFO - Step 3291136 - Actor Loss: -0.0151, Critic Loss: 0.0000, Entropy: -2.6616
2025-09-26 19:11:17,342 - INFO - Step 3293184 - Actor Loss: -0.0115, Critic Loss: 0.0000, Entropy: -2.6598
2025-09-26 19:11:18,257 - INFO - Step 3295232 - Actor Loss: -0.0123, Critic Loss: 0.0000, Entropy: -2.6574
2025-09-26 19:11:19,136 - INFO - Step 3297280 - Actor Loss: -0.0085, Critic Loss: 0.0000, Entropy: -2.6514
2025-09-26 19:11:20,108 - INFO - Step 3299328 - Actor Loss: -0.0121, Critic Loss: 0.0000, Entropy: -2.6480
2025-09-26 19:11:20,989 - INFO - Step 3301376 - Actor Loss: -0.0102, Critic Loss: 0.0000, Entropy: -2.6395
2025-09-26 19:11:21,902 - INFO - Step 3303424 - Actor Loss: -0.0100, Critic Loss: 0.0000, Entropy: -2.6295
2025-09-26 19:11:22,790 - INFO - Step 3305472 - Actor Loss: -0.0109, Critic Loss: 0.0000, Entropy: -2.6243
2025-09-26 19:11:23,704 - INFO - Step 3307520 - Actor Loss: -0.0093, Critic Loss: 0.0000, Entropy: -2.6196
2025-09-26 19:11:24,592 - INFO - Step 3309568 - Actor Loss: -0.0016, Critic Loss: 0.0000, Entropy: -2.6055
2025-09-26 19:11:25,558 - INFO - Step 3311616 - Actor Loss: -0.0099, Critic Loss: 0.0000, Entropy: -2.6113
2025-09-26 19:11:26,450 - INFO - Step 3313664 - Actor Loss: -0.0073, Critic Loss: 0.0000, Entropy: -2.6160
2025-09-26 19:11:27,359 - INFO - Step 3315712 - Actor Loss: -0.0093, Critic Loss: 0.0000, Entropy: -2.6137
2025-09-26 19:11:28,254 - INFO - Step 3317760 - Actor Loss: -0.0086, Critic Loss: 0.0000, Entropy: -2.6081
2025-09-26 19:11:29,170 - INFO - Step 3319808 - Actor Loss: -0.0063, Critic Loss: 0.0000, Entropy: -2.6139
2025-09-26 19:11:30,077 - INFO - Step 3321856 - Actor Loss: -0.0024, Critic Loss: 0.0043, Entropy: -2.6463
2025-09-26 19:11:30,985 - INFO - Step 3323904 - Actor Loss: -0.0064, Critic Loss: 0.0000, Entropy: -2.6535
2025-09-26 19:11:31,024 - INFO - Episode 830/1000 - Avg Reward: 0.11, Avg Length: 4000.0, Last Reward: 1.00
2025-09-26 19:11:31,942 - INFO - Step 3325952 - Actor Loss: -0.0054, Critic Loss: 0.0000, Entropy: -2.6266
2025-09-26 19:11:32,859 - INFO - Step 3328000 - Actor Loss: -0.0090, Critic Loss: 0.0000, Entropy: -2.6256
2025-09-26 19:11:33,772 - INFO - Step 3330048 - Actor Loss: -0.0028, Critic Loss: 0.0000, Entropy: -2.6292
2025-09-26 19:11:34,601 - INFO - Step 3332096 - Actor Loss: -0.0048, Critic Loss: 0.0000, Entropy: -2.5133
2025-09-26 19:11:35,510 - INFO - Step 3334144 - Actor Loss: -0.0011, Critic Loss: 0.0000, Entropy: -2.6410
2025-09-26 19:11:36,351 - INFO - Step 3336192 - Actor Loss: -0.0022, Critic Loss: 0.0000, Entropy: -2.5656
2025-09-26 19:11:37,324 - INFO - Step 3338240 - Actor Loss: -0.0082, Critic Loss: 0.0000, Entropy: -2.6326
2025-09-26 19:11:38,172 - INFO - Step 3340288 - Actor Loss: -0.0080, Critic Loss: 0.0000, Entropy: -2.6289
2025-09-26 19:11:39,083 - INFO - Step 3342336 - Actor Loss: -0.0053, Critic Loss: 0.0000, Entropy: -2.6241
2025-09-26 19:11:39,930 - INFO - Step 3344384 - Actor Loss: -0.0035, Critic Loss: 0.0000, Entropy: -2.6012
2025-09-26 19:11:40,840 - INFO - Step 3346432 - Actor Loss: -0.0021, Critic Loss: 0.0000, Entropy: -2.6274
2025-09-26 19:11:41,686 - INFO - Step 3348480 - Actor Loss: -0.0027, Critic Loss: 0.0000, Entropy: -2.6235
2025-09-26 19:11:42,604 - INFO - Step 3350528 - Actor Loss: -0.0015, Critic Loss: 0.0000, Entropy: -2.6231
2025-09-26 19:11:43,455 - INFO - Step 3352576 - Actor Loss: -0.0043, Critic Loss: 0.0000, Entropy: -2.6266
2025-09-26 19:11:44,370 - INFO - Step 3354624 - Actor Loss: 0.0013, Critic Loss: 0.0000, Entropy: -2.6260
2025-09-26 19:11:45,283 - INFO - Step 3356672 - Actor Loss: -0.0011, Critic Loss: 0.0000, Entropy: -2.6318
2025-09-26 19:11:46,199 - INFO - Step 3358720 - Actor Loss: -0.0010, Critic Loss: 0.0000, Entropy: -2.6286
2025-09-26 19:11:47,055 - INFO - Step 3360768 - Actor Loss: -0.0015, Critic Loss: 0.0000, Entropy: -2.6092
2025-09-26 19:11:47,976 - INFO - Step 3362816 - Actor Loss: -0.0009, Critic Loss: 0.0000, Entropy: -2.6234
2025-09-26 19:11:48,450 - INFO - Episode 840/1000 - Avg Reward: 0.11, Avg Length: 4000.0, Last Reward: 0.00
2025-09-26 19:11:48,843 - INFO - Step 3364864 - Actor Loss: -0.0011, Critic Loss: 0.0000, Entropy: -2.6223
2025-09-26 19:11:49,758 - INFO - Step 3366912 - Actor Loss: -0.0016, Critic Loss: 0.0000, Entropy: -2.6337
2025-09-26 19:11:50,621 - INFO - Step 3368960 - Actor Loss: -0.0006, Critic Loss: 0.0000, Entropy: -2.6248
2025-09-26 19:11:51,538 - INFO - Step 3371008 - Actor Loss: -0.0012, Critic Loss: 0.0000, Entropy: -2.6344
2025-09-26 19:11:52,462 - INFO - Step 3373056 - Actor Loss: -0.0008, Critic Loss: 0.0000, Entropy: -2.6200
2025-09-26 19:11:53,377 - INFO - Step 3375104 - Actor Loss: -0.0011, Critic Loss: 0.0000, Entropy: -2.6235
2025-09-26 19:11:54,251 - INFO - Step 3377152 - Actor Loss: -0.0009, Critic Loss: 0.0000, Entropy: -2.6289
2025-09-26 19:11:55,162 - INFO - Step 3379200 - Actor Loss: -0.0001, Critic Loss: 0.0000, Entropy: -2.6298
2025-09-26 19:11:56,044 - INFO - Step 3381248 - Actor Loss: -0.0005, Critic Loss: 0.0062, Entropy: -2.6491
2025-09-26 19:11:56,956 - INFO - Step 3383296 - Actor Loss: -0.0087, Critic Loss: 0.0001, Entropy: -2.6514
2025-09-26 19:11:57,835 - INFO - Step 3385344 - Actor Loss: -0.0039, Critic Loss: 0.0000, Entropy: -2.6276
2025-09-26 19:11:58,801 - INFO - Step 3387392 - Actor Loss: -0.0069, Critic Loss: 0.0000, Entropy: -2.6178
2025-09-26 19:11:59,688 - INFO - Step 3389440 - Actor Loss: -0.0083, Critic Loss: 0.0000, Entropy: -2.6213
2025-09-26 19:12:00,601 - INFO - Step 3391488 - Actor Loss: -0.0080, Critic Loss: 0.0000, Entropy: -2.6190
2025-09-26 19:12:01,490 - INFO - Step 3393536 - Actor Loss: -0.0033, Critic Loss: 0.0000, Entropy: -2.6218
2025-09-26 19:12:02,394 - INFO - Step 3395584 - Actor Loss: -0.0039, Critic Loss: 0.0000, Entropy: -2.6285
2025-09-26 19:12:03,289 - INFO - Step 3397632 - Actor Loss: -0.0030, Critic Loss: 0.0000, Entropy: -2.6181
2025-09-26 19:12:04,208 - INFO - Step 3399680 - Actor Loss: 0.0000, Critic Loss: 0.0000, Entropy: -2.6345
2025-09-26 19:12:05,159 - INFO - Step 3401728 - Actor Loss: -0.0011, Critic Loss: 0.0000, Entropy: -2.6363
2025-09-26 19:12:06,072 - INFO - Step 3403776 - Actor Loss: -0.0067, Critic Loss: 0.0000, Entropy: -2.6351
2025-09-26 19:12:06,163 - INFO - Episode 850/1000 - Avg Reward: 0.11, Avg Length: 4000.0, Last Reward: 0.00
2025-09-26 19:12:06,164 - INFO - Checkpoint saved: /home/andres2020/Dev/RL-FL-Research/neatfa-tameem/argos/../logs/ppo_cpfa_20250926_184651/ppo_cpfa_episode_850.pt
2025-09-26 19:12:06,977 - INFO - Step 3405824 - Actor Loss: -0.0114, Critic Loss: 0.0000, Entropy: -2.6319
2025-09-26 19:12:07,902 - INFO - Step 3407872 - Actor Loss: -0.0000, Critic Loss: 0.0000, Entropy: -2.6396
2025-09-26 19:12:08,805 - INFO - Step 3409920 - Actor Loss: 0.0001, Critic Loss: 0.0000, Entropy: -2.6272
2025-09-26 19:12:09,714 - INFO - Step 3411968 - Actor Loss: -0.0012, Critic Loss: 0.0000, Entropy: -2.6219
2025-09-26 19:12:10,624 - INFO - Step 3414016 - Actor Loss: 0.0000, Critic Loss: 0.0039, Entropy: -2.6422
2025-09-26 19:12:11,507 - INFO - Step 3416064 - Actor Loss: -0.0168, Critic Loss: 0.0001, Entropy: -2.5626
2025-09-26 19:12:12,415 - INFO - Step 3418112 - Actor Loss: -0.0073, Critic Loss: 0.0000, Entropy: -2.6179
2025-09-26 19:12:13,248 - INFO - Step 3420160 - Actor Loss: -0.0150, Critic Loss: 0.0000, Entropy: -2.5939
2025-09-26 19:12:14,166 - INFO - Step 3422208 - Actor Loss: -0.0064, Critic Loss: 0.0000, Entropy: -2.6086
2025-09-26 19:12:15,006 - INFO - Step 3424256 - Actor Loss: -0.0053, Critic Loss: 0.0000, Entropy: -2.6007
2025-09-26 19:12:15,917 - INFO - Step 3426304 - Actor Loss: -0.0013, Critic Loss: 0.0000, Entropy: -2.6163
2025-09-26 19:12:16,755 - INFO - Step 3428352 - Actor Loss: -0.0026, Critic Loss: 0.0000, Entropy: -2.6122
2025-09-26 19:12:17,721 - INFO - Step 3430400 - Actor Loss: -0.0005, Critic Loss: 0.0000, Entropy: -2.6138
2025-09-26 19:12:18,564 - INFO - Step 3432448 - Actor Loss: -0.0093, Critic Loss: 0.0000, Entropy: -2.6015
2025-09-26 19:12:19,477 - INFO - Step 3434496 - Actor Loss: -0.0014, Critic Loss: 0.0000, Entropy: -2.6079
2025-09-26 19:12:20,326 - INFO - Step 3436544 - Actor Loss: -0.0031, Critic Loss: 0.0000, Entropy: -2.5930
2025-09-26 19:12:21,244 - INFO - Step 3438592 - Actor Loss: -0.0027, Critic Loss: 0.0000, Entropy: -2.6099
2025-09-26 19:12:22,095 - INFO - Step 3440640 - Actor Loss: -0.0039, Critic Loss: 0.0000, Entropy: -2.6055
2025-09-26 19:12:23,006 - INFO - Step 3442688 - Actor Loss: -0.0034, Critic Loss: 0.0000, Entropy: -2.6146
2025-09-26 19:12:23,528 - INFO - Episode 860/1000 - Avg Reward: 0.09, Avg Length: 4000.0, Last Reward: 0.00
2025-09-26 19:12:23,862 - INFO - Step 3444736 - Actor Loss: -0.0036, Critic Loss: 0.0000, Entropy: -2.6075
2025-09-26 19:12:24,832 - INFO - Step 3446784 - Actor Loss: -0.0027, Critic Loss: 0.0000, Entropy: -2.6135
2025-09-26 19:12:25,696 - INFO - Step 3448832 - Actor Loss: -0.0008, Critic Loss: 0.0000, Entropy: -2.6165
2025-09-26 19:12:26,613 - INFO - Step 3450880 - Actor Loss: -0.0018, Critic Loss: 0.0000, Entropy: -2.6179
2025-09-26 19:12:27,478 - INFO - Step 3452928 - Actor Loss: -0.0047, Critic Loss: 0.0000, Entropy: -2.5982
2025-09-26 19:12:28,391 - INFO - Step 3454976 - Actor Loss: -0.0015, Critic Loss: 0.0000, Entropy: -2.6138
2025-09-26 19:12:29,263 - INFO - Step 3457024 - Actor Loss: 0.0000, Critic Loss: 0.0000, Entropy: -2.6138
2025-09-26 19:12:30,179 - INFO - Step 3459072 - Actor Loss: -0.0004, Critic Loss: 0.0000, Entropy: -2.6178
2025-09-26 19:12:31,054 - INFO - Step 3461120 - Actor Loss: -0.0030, Critic Loss: 0.0069, Entropy: -2.6218
2025-09-26 19:12:32,024 - INFO - Step 3463168 - Actor Loss: -0.0090, Critic Loss: 0.0001, Entropy: -2.6236
2025-09-26 19:12:32,901 - INFO - Step 3465216 - Actor Loss: -0.0018, Critic Loss: 0.0000, Entropy: -2.6167
2025-09-26 19:12:33,819 - INFO - Step 3467264 - Actor Loss: -0.0044, Critic Loss: 0.0000, Entropy: -2.6102
2025-09-26 19:12:34,702 - INFO - Step 3469312 - Actor Loss: -0.0054, Critic Loss: 0.0000, Entropy: -2.6073
2025-09-26 19:12:35,615 - INFO - Step 3471360 - Actor Loss: -0.0011, Critic Loss: 0.0000, Entropy: -2.6180
2025-09-26 19:12:36,501 - INFO - Step 3473408 - Actor Loss: -0.0012, Critic Loss: 0.0000, Entropy: -2.6124
2025-09-26 19:12:37,418 - INFO - Step 3475456 - Actor Loss: -0.0011, Critic Loss: 0.0000, Entropy: -2.6076
2025-09-26 19:12:38,306 - INFO - Step 3477504 - Actor Loss: -0.0053, Critic Loss: 0.0000, Entropy: -2.5909
2025-09-26 19:12:39,224 - INFO - Step 3479552 - Actor Loss: -0.0043, Critic Loss: 0.0000, Entropy: -2.5938
2025-09-26 19:12:40,173 - INFO - Step 3481600 - Actor Loss: -0.0025, Critic Loss: 0.0000, Entropy: -2.5906
2025-09-26 19:12:41,088 - INFO - Step 3483648 - Actor Loss: -0.0026, Critic Loss: 0.0000, Entropy: -2.5959
2025-09-26 19:12:41,229 - INFO - Episode 870/1000 - Avg Reward: 0.09, Avg Length: 4000.0, Last Reward: 0.00
2025-09-26 19:12:41,994 - INFO - Step 3485696 - Actor Loss: -0.0031, Critic Loss: 0.0000, Entropy: -2.5925
2025-09-26 19:12:42,908 - INFO - Step 3487744 - Actor Loss: -0.0004, Critic Loss: 0.0000, Entropy: -2.5953
2025-09-26 19:12:43,813 - INFO - Step 3489792 - Actor Loss: 0.0001, Critic Loss: 0.0000, Entropy: -2.5986
2025-09-26 19:12:44,727 - INFO - Step 3491840 - Actor Loss: -0.0004, Critic Loss: 0.0000, Entropy: -2.5971
2025-09-26 19:12:45,635 - INFO - Step 3493888 - Actor Loss: -0.0015, Critic Loss: 0.0000, Entropy: -2.6004
2025-09-26 19:12:46,605 - INFO - Step 3495936 - Actor Loss: -0.0016, Critic Loss: 0.0000, Entropy: -2.6019
2025-09-26 19:12:47,517 - INFO - Step 3497984 - Actor Loss: -0.0009, Critic Loss: 0.0000, Entropy: -2.5978
2025-09-26 19:12:48,350 - INFO - Step 3500032 - Actor Loss: -0.0291, Critic Loss: 0.0000, Entropy: -2.5739
2025-09-26 19:12:49,261 - INFO - Step 3502080 - Actor Loss: 0.0017, Critic Loss: 0.0000, Entropy: -2.5951
2025-09-26 19:12:50,092 - INFO - Step 3504128 - Actor Loss: -0.0033, Critic Loss: 0.0000, Entropy: -2.5674
2025-09-26 19:12:51,004 - INFO - Step 3506176 - Actor Loss: -0.0014, Critic Loss: 0.0000, Entropy: -2.5868
2025-09-26 19:12:51,841 - INFO - Step 3508224 - Actor Loss: -0.0023, Critic Loss: 0.0000, Entropy: -2.5808
2025-09-26 19:12:52,806 - INFO - Step 3510272 - Actor Loss: -0.0026, Critic Loss: 0.0000, Entropy: -2.5899
2025-09-26 19:12:53,652 - INFO - Step 3512320 - Actor Loss: -0.0023, Critic Loss: 0.0000, Entropy: -2.5847
2025-09-26 19:12:54,568 - INFO - Step 3514368 - Actor Loss: -0.0046, Critic Loss: 0.0000, Entropy: -2.5820
2025-09-26 19:12:55,413 - INFO - Step 3516416 - Actor Loss: -0.0045, Critic Loss: 0.0000, Entropy: -2.5778
2025-09-26 19:12:56,328 - INFO - Step 3518464 - Actor Loss: -0.0012, Critic Loss: 0.0000, Entropy: -2.5850
2025-09-26 19:12:57,177 - INFO - Step 3520512 - Actor Loss: -0.0030, Critic Loss: 0.0000, Entropy: -2.5902
2025-09-26 19:12:58,093 - INFO - Step 3522560 - Actor Loss: 0.0001, Critic Loss: 0.0000, Entropy: -2.5989
2025-09-26 19:12:58,669 - INFO - Episode 880/1000 - Avg Reward: 0.09, Avg Length: 4000.0, Last Reward: 0.00
2025-09-26 19:12:58,949 - INFO - Step 3524608 - Actor Loss: -0.0012, Critic Loss: 0.0000, Entropy: -2.5960
2025-09-26 19:12:59,921 - INFO - Step 3526656 - Actor Loss: -0.0006, Critic Loss: 0.0000, Entropy: -2.6011
2025-09-26 19:13:00,778 - INFO - Step 3528704 - Actor Loss: -0.0007, Critic Loss: 0.0000, Entropy: -2.5963
2025-09-26 19:13:01,697 - INFO - Step 3530752 - Actor Loss: -0.0035, Critic Loss: 0.0000, Entropy: -2.5918
2025-09-26 19:13:02,554 - INFO - Step 3532800 - Actor Loss: -0.0021, Critic Loss: 0.0000, Entropy: -2.5837
2025-09-26 19:13:03,470 - INFO - Step 3534848 - Actor Loss: -0.0000, Critic Loss: 0.0000, Entropy: -2.5963
2025-09-26 19:13:04,332 - INFO - Step 3536896 - Actor Loss: -0.0008, Critic Loss: 0.0000, Entropy: -2.5862
2025-09-26 19:13:05,246 - INFO - Step 3538944 - Actor Loss: -0.0033, Critic Loss: 0.0000, Entropy: -2.5922
2025-09-26 19:13:06,112 - INFO - Step 3540992 - Actor Loss: 0.0000, Critic Loss: 0.0000, Entropy: -2.5707
2025-09-26 19:13:07,082 - INFO - Step 3543040 - Actor Loss: -0.0004, Critic Loss: 0.0000, Entropy: -2.5963
2025-09-26 19:13:07,954 - INFO - Step 3545088 - Actor Loss: -0.0017, Critic Loss: 0.0000, Entropy: -2.5986
2025-09-26 19:13:08,868 - INFO - Step 3547136 - Actor Loss: -0.0010, Critic Loss: 0.0000, Entropy: -2.5970
2025-09-26 19:13:09,743 - INFO - Step 3549184 - Actor Loss: -0.0014, Critic Loss: 0.0000, Entropy: -2.5922
2025-09-26 19:13:10,661 - INFO - Step 3551232 - Actor Loss: -0.0009, Critic Loss: 0.0000, Entropy: -2.5967
2025-09-26 19:13:11,542 - INFO - Step 3553280 - Actor Loss: -0.0008, Critic Loss: 0.0000, Entropy: -2.6039
2025-09-26 19:13:12,458 - INFO - Step 3555328 - Actor Loss: -0.0030, Critic Loss: 0.0000, Entropy: -2.5913
2025-09-26 19:13:13,345 - INFO - Step 3557376 - Actor Loss: 0.0006, Critic Loss: 0.0000, Entropy: -2.5890
2025-09-26 19:13:14,316 - INFO - Step 3559424 - Actor Loss: -0.0013, Critic Loss: 0.0000, Entropy: -2.5925
2025-09-26 19:13:15,202 - INFO - Step 3561472 - Actor Loss: 0.0002, Critic Loss: 0.0000, Entropy: -2.5862
2025-09-26 19:13:16,120 - INFO - Step 3563520 - Actor Loss: -0.0023, Critic Loss: 0.0000, Entropy: -2.5856
2025-09-26 19:13:16,313 - INFO - Episode 890/1000 - Avg Reward: 0.08, Avg Length: 4000.0, Last Reward: 0.00
2025-09-26 19:13:17,015 - INFO - Step 3565568 - Actor Loss: -0.0002, Critic Loss: 0.0000, Entropy: -2.5733
2025-09-26 19:13:17,953 - INFO - Step 3567616 - Actor Loss: -0.0009, Critic Loss: 0.0000, Entropy: -2.5841
2025-09-26 19:13:18,868 - INFO - Step 3569664 - Actor Loss: -0.0018, Critic Loss: 0.0000, Entropy: -2.5841
2025-09-26 19:13:19,793 - INFO - Step 3571712 - Actor Loss: -0.0016, Critic Loss: 0.0000, Entropy: -2.5837
2025-09-26 19:13:20,755 - INFO - Step 3573760 - Actor Loss: -0.0037, Critic Loss: 0.0000, Entropy: -2.5757
2025-09-26 19:13:21,729 - INFO - Step 3575808 - Actor Loss: -0.0018, Critic Loss: 0.0000, Entropy: -2.5860
2025-09-26 19:13:22,643 - INFO - Step 3577856 - Actor Loss: -0.0000, Critic Loss: 0.0000, Entropy: -2.5898
2025-09-26 19:13:23,564 - INFO - Step 3579904 - Actor Loss: -0.0005, Critic Loss: 0.0000, Entropy: -2.5801
2025-09-26 19:13:24,474 - INFO - Step 3581952 - Actor Loss: -0.0023, Critic Loss: 0.0000, Entropy: -2.5890
2025-09-26 19:13:25,389 - INFO - Step 3584000 - Actor Loss: -0.0011, Critic Loss: 0.0000, Entropy: -2.5832
2025-09-26 19:13:26,374 - INFO - Step 3586048 - Actor Loss: -0.0020, Critic Loss: 0.0000, Entropy: -2.5792
2025-09-26 19:13:27,239 - INFO - Step 3588096 - Actor Loss: -0.0095, Critic Loss: 0.0000, Entropy: -2.5578
2025-09-26 19:13:28,153 - INFO - Step 3590144 - Actor Loss: 0.0011, Critic Loss: 0.0000, Entropy: -2.5565
2025-09-26 19:13:29,050 - INFO - Step 3592192 - Actor Loss: -0.0126, Critic Loss: 0.0000, Entropy: -2.5690
2025-09-26 19:13:29,979 - INFO - Step 3594240 - Actor Loss: 0.0002, Critic Loss: 0.0000, Entropy: -2.5708
2025-09-26 19:13:30,819 - INFO - Step 3596288 - Actor Loss: -0.0031, Critic Loss: 0.0000, Entropy: -2.5847
2025-09-26 19:13:31,743 - INFO - Step 3598336 - Actor Loss: -0.0030, Critic Loss: 0.0000, Entropy: -2.5690
2025-09-26 19:13:32,694 - INFO - Step 3600384 - Actor Loss: -0.0010, Critic Loss: 0.0000, Entropy: -2.5732
2025-09-26 19:13:33,632 - INFO - Step 3602432 - Actor Loss: -0.0007, Critic Loss: 0.0038, Entropy: -2.5805
2025-09-26 19:13:34,262 - INFO - Episode 900/1000 - Avg Reward: 0.09, Avg Length: 4000.0, Last Reward: 1.00
2025-09-26 19:13:34,264 - INFO - Checkpoint saved: /home/andres2020/Dev/RL-FL-Research/neatfa-tameem/argos/../logs/ppo_cpfa_20250926_184651/ppo_cpfa_episode_900.pt
2025-09-26 19:13:34,519 - INFO - Step 3604480 - Actor Loss: -0.0027, Critic Loss: 0.0001, Entropy: -2.5546
2025-09-26 19:13:35,444 - INFO - Step 3606528 - Actor Loss: 0.0001, Critic Loss: 0.0000, Entropy: -2.5556
2025-09-26 19:13:36,298 - INFO - Step 3608576 - Actor Loss: -0.0063, Critic Loss: 0.0000, Entropy: -2.5557
2025-09-26 19:13:37,209 - INFO - Step 3610624 - Actor Loss: -0.0018, Critic Loss: 0.0000, Entropy: -2.5346
2025-09-26 19:13:38,062 - INFO - Step 3612672 - Actor Loss: -0.0056, Critic Loss: 0.0000, Entropy: -2.5299
2025-09-26 19:13:38,972 - INFO - Step 3614720 - Actor Loss: -0.0000, Critic Loss: 0.0000, Entropy: -2.5295
2025-09-26 19:13:39,892 - INFO - Step 3616768 - Actor Loss: -0.0031, Critic Loss: 0.0000, Entropy: -2.5222
2025-09-26 19:13:40,806 - INFO - Step 3618816 - Actor Loss: -0.0014, Critic Loss: 0.0000, Entropy: -2.5186
2025-09-26 19:13:41,669 - INFO - Step 3620864 - Actor Loss: -0.0035, Critic Loss: 0.0000, Entropy: -2.5266
2025-09-26 19:13:42,578 - INFO - Step 3622912 - Actor Loss: -0.0018, Critic Loss: 0.0000, Entropy: -2.5170
2025-09-26 19:13:43,440 - INFO - Step 3624960 - Actor Loss: -0.0010, Critic Loss: 0.0000, Entropy: -2.5123
2025-09-26 19:13:44,350 - INFO - Step 3627008 - Actor Loss: -0.0006, Critic Loss: 0.0000, Entropy: -2.5131
2025-09-26 19:13:45,216 - INFO - Step 3629056 - Actor Loss: -0.0045, Critic Loss: 0.0000, Entropy: -2.5150
2025-09-26 19:13:46,177 - INFO - Step 3631104 - Actor Loss: 0.0005, Critic Loss: 0.0000, Entropy: -2.5136
2025-09-26 19:13:47,047 - INFO - Step 3633152 - Actor Loss: -0.0011, Critic Loss: 0.0000, Entropy: -2.5048
2025-09-26 19:13:47,958 - INFO - Step 3635200 - Actor Loss: -0.0033, Critic Loss: 0.0000, Entropy: -2.4888
2025-09-26 19:13:48,833 - INFO - Step 3637248 - Actor Loss: -0.0028, Critic Loss: 0.0000, Entropy: -2.5074
2025-09-26 19:13:49,745 - INFO - Step 3639296 - Actor Loss: 0.0011, Critic Loss: 0.0000, Entropy: -2.4994
2025-09-26 19:13:50,625 - INFO - Step 3641344 - Actor Loss: -0.0027, Critic Loss: 0.0000, Entropy: -2.4700
2025-09-26 19:13:51,538 - INFO - Step 3643392 - Actor Loss: -0.0012, Critic Loss: 0.0000, Entropy: -2.4677
2025-09-26 19:13:51,782 - INFO - Episode 910/1000 - Avg Reward: 0.07, Avg Length: 4000.0, Last Reward: 0.00
2025-09-26 19:13:52,424 - INFO - Step 3645440 - Actor Loss: -0.0002, Critic Loss: 0.0000, Entropy: -2.4830
2025-09-26 19:13:53,387 - INFO - Step 3647488 - Actor Loss: -0.0032, Critic Loss: 0.0000, Entropy: -2.4932
2025-09-26 19:13:54,276 - INFO - Step 3649536 - Actor Loss: -0.0011, Critic Loss: 0.0000, Entropy: -2.4844
2025-09-26 19:13:55,187 - INFO - Step 3651584 - Actor Loss: -0.0009, Critic Loss: 0.0000, Entropy: -2.4855
2025-09-26 19:13:56,081 - INFO - Step 3653632 - Actor Loss: -0.0010, Critic Loss: 0.0048, Entropy: -2.4955
2025-09-26 19:13:56,989 - INFO - Step 3655680 - Actor Loss: -0.0108, Critic Loss: 0.0001, Entropy: -2.4664
2025-09-26 19:13:57,889 - INFO - Step 3657728 - Actor Loss: -0.0023, Critic Loss: 0.0000, Entropy: -2.4620
2025-09-26 19:13:58,798 - INFO - Step 3659776 - Actor Loss: -0.0043, Critic Loss: 0.0000, Entropy: -2.4501
2025-09-26 19:13:59,752 - INFO - Step 3661824 - Actor Loss: -0.0058, Critic Loss: 0.0000, Entropy: -2.4475
2025-09-26 19:14:00,674 - INFO - Step 3663872 - Actor Loss: -0.0046, Critic Loss: 0.0000, Entropy: -2.4276
2025-09-26 19:14:01,590 - INFO - Step 3665920 - Actor Loss: -0.0098, Critic Loss: 0.0000, Entropy: -2.4214
2025-09-26 19:14:02,514 - INFO - Step 3667968 - Actor Loss: -0.0090, Critic Loss: 0.0000, Entropy: -2.4046
2025-09-26 19:14:03,424 - INFO - Step 3670016 - Actor Loss: 0.0002, Critic Loss: 0.0039, Entropy: -2.4298
2025-09-26 19:14:04,254 - INFO - Step 3672064 - Actor Loss: -0.0178, Critic Loss: 0.0001, Entropy: -2.3781
2025-09-26 19:14:05,218 - INFO - Step 3674112 - Actor Loss: -0.0068, Critic Loss: 0.0000, Entropy: -2.4067
2025-09-26 19:14:06,050 - INFO - Step 3676160 - Actor Loss: -0.0255, Critic Loss: 0.0000, Entropy: -2.3524
2025-09-26 19:14:06,955 - INFO - Step 3678208 - Actor Loss: -0.0027, Critic Loss: 0.0000, Entropy: -2.3904
2025-09-26 19:14:07,789 - INFO - Step 3680256 - Actor Loss: -0.0066, Critic Loss: 0.0000, Entropy: -2.3515
2025-09-26 19:14:08,698 - INFO - Step 3682304 - Actor Loss: -0.0089, Critic Loss: 0.0000, Entropy: -2.3656
2025-09-26 19:14:09,375 - INFO - Episode 920/1000 - Avg Reward: 0.07, Avg Length: 4000.0, Last Reward: 0.00
2025-09-26 19:14:09,542 - INFO - Step 3684352 - Actor Loss: -0.0039, Critic Loss: 0.0000, Entropy: -2.3590
2025-09-26 19:14:10,463 - INFO - Step 3686400 - Actor Loss: -0.0045, Critic Loss: 0.0000, Entropy: -2.3665
2025-09-26 19:14:11,311 - INFO - Step 3688448 - Actor Loss: -0.0046, Critic Loss: 0.0000, Entropy: -2.3371
2025-09-26 19:14:12,281 - INFO - Step 3690496 - Actor Loss: -0.0001, Critic Loss: 0.0000, Entropy: -2.3369
2025-09-26 19:14:13,135 - INFO - Step 3692544 - Actor Loss: -0.0065, Critic Loss: 0.0000, Entropy: -2.3791
2025-09-26 19:14:14,050 - INFO - Step 3694592 - Actor Loss: 0.0019, Critic Loss: 0.0000, Entropy: -2.3759
2025-09-26 19:14:14,908 - INFO - Step 3696640 - Actor Loss: -0.0097, Critic Loss: 0.0000, Entropy: -2.3796
2025-09-26 19:14:15,823 - INFO - Step 3698688 - Actor Loss: 0.0011, Critic Loss: 0.0000, Entropy: -2.3779
2025-09-26 19:14:16,679 - INFO - Step 3700736 - Actor Loss: -0.0020, Critic Loss: 0.0000, Entropy: -2.3794
2025-09-26 19:14:17,590 - INFO - Step 3702784 - Actor Loss: -0.0014, Critic Loss: 0.0000, Entropy: -2.3582
2025-09-26 19:14:18,448 - INFO - Step 3704832 - Actor Loss: -0.0043, Critic Loss: 0.0000, Entropy: -2.3577
2025-09-26 19:14:19,423 - INFO - Step 3706880 - Actor Loss: -0.0030, Critic Loss: 0.0000, Entropy: -2.3227
2025-09-26 19:14:20,292 - INFO - Step 3708928 - Actor Loss: -0.0050, Critic Loss: 0.0000, Entropy: -2.3205
2025-09-26 19:14:21,202 - INFO - Step 3710976 - Actor Loss: -0.0029, Critic Loss: 0.0000, Entropy: -2.3150
2025-09-26 19:14:22,078 - INFO - Step 3713024 - Actor Loss: -0.0016, Critic Loss: 0.0000, Entropy: -2.3410
2025-09-26 19:14:22,992 - INFO - Step 3715072 - Actor Loss: -0.0049, Critic Loss: 0.0000, Entropy: -2.3270
2025-09-26 19:14:23,863 - INFO - Step 3717120 - Actor Loss: -0.0013, Critic Loss: 0.0000, Entropy: -2.3258
2025-09-26 19:14:24,771 - INFO - Step 3719168 - Actor Loss: -0.0028, Critic Loss: 0.0000, Entropy: -2.3129
2025-09-26 19:14:25,643 - INFO - Step 3721216 - Actor Loss: -0.0021, Critic Loss: 0.0000, Entropy: -2.3443
2025-09-26 19:14:26,609 - INFO - Step 3723264 - Actor Loss: 0.0002, Critic Loss: 0.0000, Entropy: -2.3482
2025-09-26 19:14:26,904 - INFO - Episode 930/1000 - Avg Reward: 0.06, Avg Length: 4000.0, Last Reward: 0.00
2025-09-26 19:14:27,487 - INFO - Step 3725312 - Actor Loss: -0.0012, Critic Loss: 0.0000, Entropy: -2.3134
2025-09-26 19:14:28,399 - INFO - Step 3727360 - Actor Loss: -0.0007, Critic Loss: 0.0000, Entropy: -2.3112
2025-09-26 19:14:29,280 - INFO - Step 3729408 - Actor Loss: -0.0009, Critic Loss: 0.0000, Entropy: -2.3370
2025-09-26 19:14:30,188 - INFO - Step 3731456 - Actor Loss: -0.0012, Critic Loss: 0.0000, Entropy: -2.3364
2025-09-26 19:14:31,074 - INFO - Step 3733504 - Actor Loss: -0.0014, Critic Loss: 0.0000, Entropy: -2.3232
2025-09-26 19:14:31,986 - INFO - Step 3735552 - Actor Loss: -0.0023, Critic Loss: 0.0000, Entropy: -2.3216
2025-09-26 19:14:32,876 - INFO - Step 3737600 - Actor Loss: -0.0013, Critic Loss: 0.0000, Entropy: -2.3213
2025-09-26 19:14:33,845 - INFO - Step 3739648 - Actor Loss: -0.0034, Critic Loss: 0.0000, Entropy: -2.2945
2025-09-26 19:14:34,741 - INFO - Step 3741696 - Actor Loss: -0.0011, Critic Loss: 0.0000, Entropy: -2.2545
2025-09-26 19:14:35,659 - INFO - Step 3743744 - Actor Loss: -0.0011, Critic Loss: 0.0000, Entropy: -2.2887
2025-09-26 19:14:36,568 - INFO - Step 3745792 - Actor Loss: -0.0008, Critic Loss: 0.0000, Entropy: -2.2790
2025-09-26 19:14:37,490 - INFO - Step 3747840 - Actor Loss: -0.0033, Critic Loss: 0.0000, Entropy: -2.2788
2025-09-26 19:14:38,407 - INFO - Step 3749888 - Actor Loss: -0.0013, Critic Loss: 0.0000, Entropy: -2.2549
2025-09-26 19:14:39,323 - INFO - Step 3751936 - Actor Loss: -0.0018, Critic Loss: 0.0000, Entropy: -2.2451
2025-09-26 19:14:40,292 - INFO - Step 3753984 - Actor Loss: -0.0007, Critic Loss: 0.0000, Entropy: -2.2442
2025-09-26 19:14:41,124 - INFO - Step 3756032 - Actor Loss: -0.0157, Critic Loss: 0.0000, Entropy: -2.1022
2025-09-26 19:14:42,040 - INFO - Step 3758080 - Actor Loss: -0.0011, Critic Loss: 0.0000, Entropy: -2.2864
2025-09-26 19:14:42,876 - INFO - Step 3760128 - Actor Loss: -0.0110, Critic Loss: 0.0000, Entropy: -2.2803
2025-09-26 19:14:43,841 - INFO - Step 3762176 - Actor Loss: -0.0008, Critic Loss: 0.0000, Entropy: -2.3164
2025-09-26 19:14:44,629 - INFO - Episode 940/1000 - Avg Reward: 0.06, Avg Length: 4000.0, Last Reward: 0.00
2025-09-26 19:14:44,757 - INFO - Step 3764224 - Actor Loss: -0.0049, Critic Loss: 0.0000, Entropy: -2.2216
2025-09-26 19:14:45,686 - INFO - Step 3766272 - Actor Loss: -0.0017, Critic Loss: 0.0000, Entropy: -2.2832
2025-09-26 19:14:46,527 - INFO - Step 3768320 - Actor Loss: -0.0002, Critic Loss: 0.0000, Entropy: -2.2352
2025-09-26 19:14:47,499 - INFO - Step 3770368 - Actor Loss: -0.0005, Critic Loss: 0.0038, Entropy: -2.2940
2025-09-26 19:14:48,348 - INFO - Step 3772416 - Actor Loss: -0.0046, Critic Loss: 0.0000, Entropy: -2.2830
2025-09-26 19:14:49,262 - INFO - Step 3774464 - Actor Loss: -0.0010, Critic Loss: 0.0000, Entropy: -2.3273
2025-09-26 19:14:50,113 - INFO - Step 3776512 - Actor Loss: -0.0052, Critic Loss: 0.0000, Entropy: -2.3264
2025-09-26 19:14:51,026 - INFO - Step 3778560 - Actor Loss: -0.0024, Critic Loss: 0.0000, Entropy: -2.3385
2025-09-26 19:14:51,878 - INFO - Step 3780608 - Actor Loss: -0.0113, Critic Loss: 0.0000, Entropy: -2.2942
2025-09-26 19:14:52,790 - INFO - Step 3782656 - Actor Loss: -0.0055, Critic Loss: 0.0000, Entropy: -2.2788
2025-09-26 19:14:53,649 - INFO - Step 3784704 - Actor Loss: -0.0003, Critic Loss: 0.0000, Entropy: -2.3303
2025-09-26 19:14:54,654 - INFO - Step 3786752 - Actor Loss: -0.0069, Critic Loss: 0.0000, Entropy: -2.3174
2025-09-26 19:14:55,614 - INFO - Step 3788800 - Actor Loss: -0.0007, Critic Loss: 0.0000, Entropy: -2.2669
2025-09-26 19:14:56,537 - INFO - Step 3790848 - Actor Loss: -0.0036, Critic Loss: 0.0000, Entropy: -2.2820
2025-09-26 19:14:57,536 - INFO - Step 3792896 - Actor Loss: -0.0033, Critic Loss: 0.0000, Entropy: -2.2728
2025-09-26 19:14:58,500 - INFO - Step 3794944 - Actor Loss: -0.0027, Critic Loss: 0.0000, Entropy: -2.2855
2025-09-26 19:14:59,369 - INFO - Step 3796992 - Actor Loss: -0.0029, Critic Loss: 0.0075, Entropy: -2.3197
2025-09-26 19:15:00,288 - INFO - Step 3799040 - Actor Loss: -0.0029, Critic Loss: 0.0001, Entropy: -2.2616
2025-09-26 19:15:01,242 - INFO - Step 3801088 - Actor Loss: -0.0084, Critic Loss: 0.0000, Entropy: -2.3183
2025-09-26 19:15:02,220 - INFO - Step 3803136 - Actor Loss: -0.0028, Critic Loss: 0.0000, Entropy: -2.3351
2025-09-26 19:15:02,565 - INFO - Episode 950/1000 - Avg Reward: 0.07, Avg Length: 4000.0, Last Reward: 0.00
2025-09-26 19:15:02,568 - INFO - Checkpoint saved: /home/andres2020/Dev/RL-FL-Research/neatfa-tameem/argos/../logs/ppo_cpfa_20250926_184651/ppo_cpfa_episode_950.pt
2025-09-26 19:15:03,149 - INFO - Step 3805184 - Actor Loss: -0.0044, Critic Loss: 0.0000, Entropy: -2.3226
2025-09-26 19:15:04,141 - INFO - Step 3807232 - Actor Loss: -0.0089, Critic Loss: 0.0000, Entropy: -2.3321
2025-09-26 19:15:05,104 - INFO - Step 3809280 - Actor Loss: -0.0073, Critic Loss: 0.0000, Entropy: -2.3479
2025-09-26 19:15:06,017 - INFO - Step 3811328 - Actor Loss: -0.0075, Critic Loss: 0.0000, Entropy: -2.3540
2025-09-26 19:15:06,947 - INFO - Step 3813376 - Actor Loss: -0.0032, Critic Loss: 0.0000, Entropy: -2.3578
2025-09-26 19:15:07,889 - INFO - Step 3815424 - Actor Loss: -0.0089, Critic Loss: 0.0000, Entropy: -2.3595
2025-09-26 19:15:08,773 - INFO - Step 3817472 - Actor Loss: -0.0044, Critic Loss: 0.0000, Entropy: -2.3569
2025-09-26 19:15:09,739 - INFO - Step 3819520 - Actor Loss: -0.0045, Critic Loss: 0.0000, Entropy: -2.3588
2025-09-26 19:15:10,707 - INFO - Step 3821568 - Actor Loss: -0.0016, Critic Loss: 0.0000, Entropy: -2.3597
2025-09-26 19:15:11,619 - INFO - Step 3823616 - Actor Loss: -0.0020, Critic Loss: 0.0000, Entropy: -2.3650
2025-09-26 19:15:12,520 - INFO - Step 3825664 - Actor Loss: -0.0001, Critic Loss: 0.0000, Entropy: -2.3630
2025-09-26 19:15:13,454 - INFO - Step 3827712 - Actor Loss: -0.0004, Critic Loss: 0.0000, Entropy: -2.3644
2025-09-26 19:15:14,355 - INFO - Step 3829760 - Actor Loss: -0.0014, Critic Loss: 0.0000, Entropy: -2.3635
2025-09-26 19:15:15,274 - INFO - Step 3831808 - Actor Loss: -0.0017, Critic Loss: 0.0000, Entropy: -2.3502
2025-09-26 19:15:16,360 - INFO - Step 3833856 - Actor Loss: -0.0014, Critic Loss: 0.0000, Entropy: -2.3406
2025-09-26 19:15:17,389 - INFO - Step 3835904 - Actor Loss: -0.0006, Critic Loss: 0.0000, Entropy: -2.3529
2025-09-26 19:15:18,396 - INFO - Step 3837952 - Actor Loss: -0.0032, Critic Loss: 0.0000, Entropy: -2.3439
2025-09-26 19:15:19,313 - INFO - Step 3840000 - Actor Loss: -0.0014, Critic Loss: 0.0000, Entropy: -2.3441
2025-09-26 19:15:20,270 - INFO - Step 3842048 - Actor Loss: -0.0036, Critic Loss: 0.0000, Entropy: -2.3230
2025-09-26 19:15:21,046 - INFO - Episode 960/1000 - Avg Reward: 0.06, Avg Length: 4000.0, Last Reward: 0.00
2025-09-26 19:15:21,101 - INFO - Step 3844096 - Actor Loss: -0.0211, Critic Loss: 0.0000, Entropy: -2.2876
2025-09-26 19:15:22,022 - INFO - Step 3846144 - Actor Loss: 0.0009, Critic Loss: 0.0000, Entropy: -2.3348
2025-09-26 19:15:22,858 - INFO - Step 3848192 - Actor Loss: -0.0083, Critic Loss: 0.0000, Entropy: -2.3120
2025-09-26 19:15:23,838 - INFO - Step 3850240 - Actor Loss: -0.0032, Critic Loss: 0.0000, Entropy: -2.3202
2025-09-26 19:15:24,680 - INFO - Step 3852288 - Actor Loss: -0.0040, Critic Loss: 0.0000, Entropy: -2.2695
2025-09-26 19:15:25,594 - INFO - Step 3854336 - Actor Loss: -0.0004, Critic Loss: 0.0000, Entropy: -2.2978
2025-09-26 19:15:26,466 - INFO - Step 3856384 - Actor Loss: -0.0067, Critic Loss: 0.0000, Entropy: -2.2656
2025-09-26 19:15:27,379 - INFO - Step 3858432 - Actor Loss: -0.0048, Critic Loss: 0.0000, Entropy: -2.3370
2025-09-26 19:15:28,284 - INFO - Step 3860480 - Actor Loss: -0.0048, Critic Loss: 0.0000, Entropy: -2.3434
2025-09-26 19:15:29,198 - INFO - Step 3862528 - Actor Loss: 0.0004, Critic Loss: 0.0000, Entropy: -2.3332
2025-09-26 19:15:30,104 - INFO - Step 3864576 - Actor Loss: -0.0039, Critic Loss: 0.0000, Entropy: -2.2744
2025-09-26 19:15:31,013 - INFO - Step 3866624 - Actor Loss: 0.0000, Critic Loss: 0.0000, Entropy: -2.2632
2025-09-26 19:15:31,866 - INFO - Step 3868672 - Actor Loss: -0.0026, Critic Loss: 0.0000, Entropy: -2.2751
2025-09-26 19:15:32,776 - INFO - Step 3870720 - Actor Loss: -0.0045, Critic Loss: 0.0000, Entropy: -2.3270
2025-09-26 19:15:33,662 - INFO - Step 3872768 - Actor Loss: 0.0010, Critic Loss: 0.0000, Entropy: -2.3036
2025-09-26 19:15:34,669 - INFO - Step 3874816 - Actor Loss: -0.0015, Critic Loss: 0.0000, Entropy: -2.2612
2025-09-26 19:15:35,577 - INFO - Step 3876864 - Actor Loss: -0.0022, Critic Loss: 0.0000, Entropy: -2.2782
2025-09-26 19:15:36,540 - INFO - Step 3878912 - Actor Loss: 0.0005, Critic Loss: 0.0000, Entropy: -2.3185
2025-09-26 19:15:37,460 - INFO - Step 3880960 - Actor Loss: -0.0015, Critic Loss: 0.0000, Entropy: -2.2870
2025-09-26 19:15:38,468 - INFO - Step 3883008 - Actor Loss: -0.0035, Critic Loss: 0.0000, Entropy: -2.2513
2025-09-26 19:15:38,919 - INFO - Episode 970/1000 - Avg Reward: 0.05, Avg Length: 4000.0, Last Reward: 0.00
2025-09-26 19:15:39,436 - INFO - Step 3885056 - Actor Loss: 0.0005, Critic Loss: 0.0000, Entropy: -2.2054
2025-09-26 19:15:40,376 - INFO - Step 3887104 - Actor Loss: -0.0015, Critic Loss: 0.0000, Entropy: -2.2667
2025-09-26 19:15:41,253 - INFO - Step 3889152 - Actor Loss: -0.0030, Critic Loss: 0.0000, Entropy: -2.2141
2025-09-26 19:15:42,178 - INFO - Step 3891200 - Actor Loss: -0.0005, Critic Loss: 0.0000, Entropy: -2.1706
2025-09-26 19:15:43,083 - INFO - Step 3893248 - Actor Loss: -0.0025, Critic Loss: 0.0000, Entropy: -2.2501
2025-09-26 19:15:44,014 - INFO - Step 3895296 - Actor Loss: 0.0025, Critic Loss: 0.0000, Entropy: -2.2692
2025-09-26 19:15:44,999 - INFO - Step 3897344 - Actor Loss: -0.0012, Critic Loss: 0.0000, Entropy: -2.2282
2025-09-26 19:15:45,948 - INFO - Step 3899392 - Actor Loss: -0.0007, Critic Loss: 0.0000, Entropy: -2.2525
2025-09-26 19:15:46,837 - INFO - Step 3901440 - Actor Loss: 0.0000, Critic Loss: 0.0000, Entropy: -2.2249
2025-09-26 19:15:47,753 - INFO - Step 3903488 - Actor Loss: -0.0016, Critic Loss: 0.0000, Entropy: -2.2079
2025-09-26 19:15:48,647 - INFO - Step 3905536 - Actor Loss: -0.0026, Critic Loss: 0.0050, Entropy: -2.2090
2025-09-26 19:15:49,562 - INFO - Step 3907584 - Actor Loss: -0.0030, Critic Loss: 0.0001, Entropy: -2.1656
2025-09-26 19:15:50,458 - INFO - Step 3909632 - Actor Loss: -0.0019, Critic Loss: 0.0000, Entropy: -2.1676
2025-09-26 19:15:51,430 - INFO - Step 3911680 - Actor Loss: -0.0005, Critic Loss: 0.0000, Entropy: -2.1891
2025-09-26 19:15:52,326 - INFO - Step 3913728 - Actor Loss: -0.0066, Critic Loss: 0.0000, Entropy: -2.1552
2025-09-26 19:15:53,239 - INFO - Step 3915776 - Actor Loss: -0.0093, Critic Loss: 0.0000, Entropy: -2.1084
2025-09-26 19:15:54,143 - INFO - Step 3917824 - Actor Loss: -0.0027, Critic Loss: 0.0000, Entropy: -2.0973
2025-09-26 19:15:55,058 - INFO - Step 3919872 - Actor Loss: -0.0060, Critic Loss: 0.0000, Entropy: -2.1007
2025-09-26 19:15:55,964 - INFO - Step 3921920 - Actor Loss: -0.0049, Critic Loss: 0.0000, Entropy: -2.0621
2025-09-26 19:15:56,875 - INFO - Step 3923968 - Actor Loss: -0.0025, Critic Loss: 0.0000, Entropy: -2.0963
2025-09-26 19:15:56,889 - INFO - Episode 980/1000 - Avg Reward: 0.06, Avg Length: 4000.0, Last Reward: 0.00
2025-09-26 19:15:57,785 - INFO - Step 3926016 - Actor Loss: -0.0021, Critic Loss: 0.0000, Entropy: -2.1105
2025-09-26 19:15:58,697 - INFO - Step 3928064 - Actor Loss: -0.0083, Critic Loss: 0.0000, Entropy: -1.6899
2025-09-26 19:15:59,611 - INFO - Step 3930112 - Actor Loss: -0.0059, Critic Loss: 0.0000, Entropy: -2.1712
2025-09-26 19:16:00,456 - INFO - Step 3932160 - Actor Loss: -0.0108, Critic Loss: 0.0000, Entropy: -2.0070
2025-09-26 19:16:01,375 - INFO - Step 3934208 - Actor Loss: -0.0076, Critic Loss: 0.0000, Entropy: -2.2048
2025-09-26 19:16:02,306 - INFO - Step 3936256 - Actor Loss: -0.0067, Critic Loss: 0.0000, Entropy: -2.1537
2025-09-26 19:16:03,309 - INFO - Step 3938304 - Actor Loss: -0.0016, Critic Loss: 0.0000, Entropy: -2.2396
2025-09-26 19:16:04,242 - INFO - Step 3940352 - Actor Loss: -0.0029, Critic Loss: 0.0000, Entropy: -2.1226
2025-09-26 19:16:05,336 - INFO - Step 3942400 - Actor Loss: 0.0002, Critic Loss: 0.0000, Entropy: -2.2242
2025-09-26 19:16:06,272 - INFO - Step 3944448 - Actor Loss: -0.0022, Critic Loss: 0.0000, Entropy: -2.1825
2025-09-26 19:16:07,295 - INFO - Step 3946496 - Actor Loss: -0.0004, Critic Loss: 0.0000, Entropy: -2.2121
2025-09-26 19:16:08,239 - INFO - Step 3948544 - Actor Loss: -0.0008, Critic Loss: 0.0000, Entropy: -2.1947
2025-09-26 19:16:09,225 - INFO - Step 3950592 - Actor Loss: -0.0025, Critic Loss: 0.0000, Entropy: -2.2472
2025-09-26 19:16:10,082 - INFO - Step 3952640 - Actor Loss: -0.0005, Critic Loss: 0.0000, Entropy: -2.2467
2025-09-26 19:16:10,996 - INFO - Step 3954688 - Actor Loss: -0.0009, Critic Loss: 0.0000, Entropy: -2.2295
2025-09-26 19:16:11,907 - INFO - Step 3956736 - Actor Loss: -0.0027, Critic Loss: 0.0000, Entropy: -2.1857
2025-09-26 19:16:12,819 - INFO - Step 3958784 - Actor Loss: -0.0021, Critic Loss: 0.0000, Entropy: -2.1823
2025-09-26 19:16:13,676 - INFO - Step 3960832 - Actor Loss: 0.0010, Critic Loss: 0.0000, Entropy: -2.1513
2025-09-26 19:16:14,587 - INFO - Step 3962880 - Actor Loss: -0.0002, Critic Loss: 0.0000, Entropy: -2.1678
2025-09-26 19:16:15,035 - INFO - Episode 990/1000 - Avg Reward: 0.06, Avg Length: 4000.0, Last Reward: 0.00
2025-09-26 19:16:15,449 - INFO - Step 3964928 - Actor Loss: -0.0026, Critic Loss: 0.0000, Entropy: -2.1020
2025-09-26 19:16:16,368 - INFO - Step 3966976 - Actor Loss: -0.0000, Critic Loss: 0.0000, Entropy: -2.1647
2025-09-26 19:16:17,241 - INFO - Step 3969024 - Actor Loss: -0.0010, Critic Loss: 0.0000, Entropy: -2.1147
2025-09-26 19:16:18,213 - INFO - Step 3971072 - Actor Loss: -0.0041, Critic Loss: 0.0000, Entropy: -2.0851
2025-09-26 19:16:19,086 - INFO - Step 3973120 - Actor Loss: -0.0059, Critic Loss: 0.0000, Entropy: -2.0510
2025-09-26 19:16:20,009 - INFO - Step 3975168 - Actor Loss: 0.0005, Critic Loss: 0.0000, Entropy: -2.0828
2025-09-26 19:16:20,886 - INFO - Step 3977216 - Actor Loss: -0.0028, Critic Loss: 0.0000, Entropy: -2.1381
2025-09-26 19:16:21,808 - INFO - Step 3979264 - Actor Loss: 0.0006, Critic Loss: 0.0000, Entropy: -2.1509
2025-09-26 19:16:22,740 - INFO - Step 3981312 - Actor Loss: -0.0038, Critic Loss: 0.0000, Entropy: -2.0721
2025-09-26 19:16:23,671 - INFO - Step 3983360 - Actor Loss: -0.0042, Critic Loss: 0.0000, Entropy: -2.0292
2025-09-26 19:16:24,592 - INFO - Step 3985408 - Actor Loss: 0.0019, Critic Loss: 0.0000, Entropy: -2.0016
2025-09-26 19:16:25,527 - INFO - Step 3987456 - Actor Loss: -0.0009, Critic Loss: 0.0000, Entropy: -2.0798
2025-09-26 19:16:26,527 - INFO - Step 3989504 - Actor Loss: -0.0035, Critic Loss: 0.0000, Entropy: -2.1024
2025-09-26 19:16:27,471 - INFO - Step 3991552 - Actor Loss: -0.0002, Critic Loss: 0.0000, Entropy: -2.1109
2025-09-26 19:16:28,439 - INFO - Step 3993600 - Actor Loss: -0.0007, Critic Loss: 0.0000, Entropy: -2.0916
2025-09-26 19:16:29,391 - INFO - Step 3995648 - Actor Loss: -0.0026, Critic Loss: 0.0000, Entropy: -2.1342
2025-09-26 19:16:30,302 - INFO - Step 3997696 - Actor Loss: -0.0016, Critic Loss: 0.0000, Entropy: -2.1214
2025-09-26 19:16:31,258 - INFO - Step 3999744 - Actor Loss: -0.0020, Critic Loss: 0.0000, Entropy: -2.1218
2025-09-26 19:16:31,366 - INFO - Training complete! Final model saved: /home/andres2020/Dev/RL-FL-Research/neatfa-tameem/argos/../logs/ppo_cpfa_20250926_184651/ppo_cpfa_final.pt
